tarih,nav,xu100
2015-02-02,1,100.41
2015-02-03,0.997494,102.207
2015-02-04,1.006,101.829
2015-02-05,1.01314,103.145
2015-02-06,1.01173,103.033
2015-02-09,0.99884,102.216
2015-02-10,1.00806,102.869
2015-02-11,1.00802,102.723
2015-02-12,1.01659,103.893
2015-02-13,1.0197,104.512
2015-02-17,1.02025,104.839
2015-02-18,1.03063,104.951
2015-02-19,1.03298,104.959
2015-02-20,1.0474,105.243
2015-02-23,1.06031,105.346
2015-02-24,1.06757,105.484
2015-02-25,1.05775,105.604
2015-02-26,1.0591,105.991
2015-02-27,1.05889,105.415
2015-03-02,1.06638,106.18
2015-03-03,1.05751,105.552
2015-03-04,1.04829,105.226
2015-03-05,1.0535,105.535
2015-03-06,1.0314,104.202
2015-03-09,1.04432,104.658
2015-03-10,1.03558,103.454
2015-03-11,1.04141,104.091
2015-03-12,1.05803,105.819
2015-03-13,1.05117,105.441
2015-03-16,1.05968,106.06
2015-03-17,1.06097,106.344
2015-03-18,1.06382,107.195
2015-03-19,1.06858,107.401
2015-03-20,1.08113,108.347
2015-03-23,1.07677,108.253
2015-03-24,1.07565,108.227
2015-03-25,1.05201,105.642
2015-03-26,1.04828,105.512
2015-03-27,1.06073,106.185
2015-03-30,1.06893,107.626
2015-03-31,1.05955,107.281
2015-04-01,1.05326,107.324
2015-04-02,1.04455,107.522
2015-04-06,1.04498,107.997
2015-04-07,1.03368,107.307
2015-04-08,1.04004,108.23
2015-04-09,1.02949,107.841
2015-04-10,1.0335,108.359
2015-04-13,1.03396,108.428
2015-04-14,1.02998,108.402
2015-04-15,1.0294,109.161
2015-04-16,1.02502,109.101
2015-04-17,1.01747,107.332
2015-04-20,1.02786,108.385
2015-04-21,1.03092,108.273
2015-04-22,1.03146,108.437
2015-04-23,1.0489,108.928
2015-04-24,1.0415,108.566
2015-04-27,1.02572,107.367
2015-04-28,1.02958,107.962
2015-04-29,1.01036,106.789
2015-04-30,0.998312,104.529
2015-05-01,1.0004,105.21
2015-05-04,1.00418,105.59
2015-05-05,0.991899,104.244
2015-05-06,1.00282,104.607
2015-05-07,1.01609,105.003
2015-05-08,1.02579,105.788
2015-05-11,1.03238,105.849
2015-05-12,1.02531,105.659
2015-05-13,1.02722,105.659
2015-05-14,1.04397,106.78
2015-05-15,1.04048,106.66
2015-05-18,1.04879,107.867
2015-05-19,1.04707,107.721
2015-05-20,1.04286,107.919
2015-05-21,1.0408,107.798
2015-05-22,1.03653,107.332
2015-05-26,1.02301,106.306
2015-05-27,1.03504,107.609
2015-05-28,1.04049,107.514
2015-05-29,1.03487,106.867
2015-06-01,1.0449,107.203
2015-06-02,1.04196,107.41
2015-06-03,1.05294,108.48
2015-06-04,1.04753,107.393
2015-06-05,1.04893,108.169
2015-06-08,1.04325,107.669
2015-06-09,1.03751,107.341
2015-06-10,1.05054,108.678
2015-06-11,1.05365,108.954
2015-06-12,1.05238,108.626
2015-06-15,1.05027,108.281
2015-06-16,1.06013,109.049
2015-06-17,1.06374,108.885
2015-06-18,1.08089,110.343
2015-06-19,1.08647,110.291
2015-06-22,1.08763,111.05
2015-06-23,1.08896,111.283
2015-06-24,1.08309,110.343
2015-06-25,1.08565,110.283
2015-06-26,1.08528,109.981
2015-06-29,1.06655,107.203
2015-06-30,1.07178,107.703
2015-07-01,1.07594,108.023
2015-07-02,1.07039,107.225
2015-07-06,1.07307,107.19
2015-07-07,1.07242,107.311
2015-07-08,1.06389,105.674
2015-07-09,1.06161,106.055
2015-07-10,1.07604,107.528
2015-07-13,1.08748,108.741
2015-07-14,1.09073,109.347
2015-07-15,1.08399,108.767
2015-07-16,1.0958,109.416
2015-07-17,1.09508,108.94
2015-07-20,1.0971,108.351
2015-07-21,1.09268,107.84
2015-07-22,1.1017,108.238
2015-07-23,1.09635,107.043
2015-07-24,1.08827,105.319
2015-07-27,1.08301,104.444
2015-07-28,1.09061,105.336
2015-07-29,1.09423,105.631
2015-07-30,1.0906,105.934
2015-07-31,1.09863,106.514
2015-08-03,1.09696,105.986
2015-08-04,1.09249,105.735
2015-08-05,1.09705,105.977
2015-08-06,1.08314,104.548
2015-08-07,1.08201,103.846
2015-08-10,1.09591,105.042
2015-08-11,1.10955,104.141
2015-08-12,1.10908,103.942
2015-08-13,1.11543,103.595
2015-08-14,1.12151,104.262
2015-08-17,1.13479,105.362
2015-08-18,1.12706,104.522
2015-08-19,1.11742,103.439
2015-08-20,1.09064,100.823
2015-08-21,1.06903,99.645
2015-08-24,1.03022,95.7556
2015-08-25,1.02454,95.0193
2015-08-26,1.04784,97.4361
2015-08-27,1.07182,99.1773
2015-08-28,1.0745,100.156
2015-08-31,1.06945,99.7923
2015-09-01,1.03669,96.9337
2015-09-02,1.05011,98.6748
2015-09-03,1.05788,98.5189
2015-09-04,1.05207,97.7739
2015-09-08,1.07695,100.009
2015-09-09,1.06832,98.8567
2015-09-10,1.07246,99.3072
2015-09-11,1.08338,99.775
2015-09-14,1.07369,99.3158
2015-09-15,1.08033,100.433
2015-09-16,1.08523,101.3
2015-09-17,1.08655,101.646
2015-09-18,1.07738,100.243
2015-09-21,1.08118,100.061
2015-09-22,1.06738,98.5449
2015-09-23,1.06739,98.2504
2015-09-24,1.05756,98.0858
2015-09-25,1.05163,96.7948
2015-09-28,1.02459,94.0844
2015-09-29,1.01286,93.4154
2015-09-30,1.02698,94.8662
2015-10-01,1.02853,94.7011
2015-10-02,1.04256,96.1085
2015-10-05,1.059,98.402
2015-10-06,1.04677,97.7244
2015-10-07,1.06017,99.4532
2015-10-08,1.06833,100.348
2015-10-09,1.07251,100.548
2015-10-12,1.07584,100.4
2015-10-13,1.06071,99.0275
2015-10-14,1.05149,98.0545
2015-10-15,1.07257,100.4
2015-10-16,1.08525,100.27
2015-10-19,1.08474,100.461
2015-10-20,1.08225,100.322
2015-10-21,1.07522,98.7929
2015-10-22,1.07287,99.6617
2015-10-23,1.08202,100.643
2015-10-26,1.07958,99.957
2015-10-27,1.07478,98.8624
2015-10-28,1.08776,101.747
2015-10-29,1.07884,100.661
2015-10-30,1.08291,100.2
2015-11-02,1.09372,102.285
2015-11-03,1.09253,102.815
2015-11-04,1.09128,102.763
2015-11-05,1.08748,102.841
2015-11-06,1.10176,103.571
2015-11-09,1.08925,102.355
2015-11-10,1.09394,102.659
2015-11-11,1.09108,101.764
2015-11-12,1.06895,99.818
2015-11-13,1.0614,99.097
2015-11-16,1.07423,99.9483
2015-11-17,1.07847,99.5661
2015-11-18,1.0902,101.251
2015-11-19,1.08889,100.826
2015-11-20,1.09411,101.477
2015-11-23,1.10057,101.981
2015-11-24,1.10371,102.728
2015-11-25,1.11067,103.528
2015-11-27,1.11722,103.918
2015-11-30,1.10907,103.467
2015-12-01,1.12264,104.153
2015-12-02,1.11931,103.032
2015-12-03,1.10572,101.295
2015-12-04,1.12587,102.32
2015-12-07,1.11753,100.782
2015-12-08,1.09878,100.226
2015-12-09,1.09088,99.1057
2015-12-10,1.09578,99.4358
2015-12-11,1.07733,97.2205
2015-12-14,1.06672,96.5255
2015-12-15,1.07649,97.9155
2015-12-16,1.09492,99.4097
2015-12-17,1.07831,98.3498
2015-12-18,1.06595,96.847
2015-12-21,1.06843,97.5767
2015-12-22,1.07421,98.4715
2015-12-23,1.08717,99.7138
2015-12-24,1.08855,99.9023
2015-12-28,1.09045,99.4398
2015-12-29,1.10139,100.513
2015-12-30,1.09268,99.5009
2015-12-31,1.08397,98.2619
2016-01-04,1.05408,95.9847
2016-01-05,1.05796,96.1941
2016-01-06,1.0494,94.7283
2016-01-07,1.02658,92.198
2016-01-08,1.00965,90.61
2016-01-11,1.00282,90.2174
2016-01-12,1.01,90.4879
2016-01-13,0.985235,87.5824
2016-01-14,1.00232,88.7952
2016-01-15,0.991276,87.3556
2016-01-19,0.985988,86.1777
2016-01-20,0.986441,86.5354
2016-01-21,0.985872,86.3347
2016-01-22,1.00997,88.4462
2016-01-25,0.995645,86.483
2016-01-26,1.01511,88.2107
2016-01-27,0.996026,86.9978
2016-01-28,0.992466,86.9804
2016-01-29,1.02992,89.8335
2016-02-01,1.02185,89.4234
2016-02-02,1.00488,87.4952
2016-02-03,1.00045,87.6086
2016-02-04,1.00493,87.9489
2016-02-05,0.979316,85.5408
2016-02-08,0.966759,84.136
2016-02-09,0.960103,83.5689
2016-02-10,0.95788,83.6125
2016-02-11,0.951319,82.7051
2016-02-12,0.964451,84.2756
2016-02-16,0.982938,86.2737
2016-02-17,0.989733,87.626
2016-02-18,0.987927,87.2072
2016-02-19,0.993162,87.6435
2016-02-22,1.00075,88.6207
2016-02-23,0.993666,87.8093
2016-02-24,1.00838,88.6556
2016-02-25,1.02159,89.467
2016-02-26,1.02755,90.0342
2016-02-29,1.02036,89.6328
2016-03-01,1.03912,91.5611
2016-03-02,1.04324,92.5034
2016-03-03,1.05113,93.4718
2016-03-04,1.05382,93.9866
2016-03-07,1.06074,95.0075
2016-03-08,1.04095,92.7128
2016-03-09,1.05431,93.1839
2016-03-10,1.04697,92.4249
2016-03-11,1.06112,94.4054
2016-03-14,1.05362,94.1611
2016-03-15,1.05243,92.6953
2016-03-16,1.06528,93.3497
2016-03-17,1.07676,94.7806
2016-03-18,1.08565,95.6357
2016-03-21,1.07651,95.4088
2016-03-22,1.0795,95.2954
2016-03-23,1.0651,93.5338
2016-03-24,1.07188,93.8138
2016-03-28,1.07036,93.9276
2016-03-29,1.09609,96.5354
2016-03-30,1.09632,96.5442
2016-03-31,1.10231,96.8155
2016-04-01,1.10619,97.2443
2016-04-04,1.09377,96.4305
2016-04-05,1.08685,95.3365
2016-04-06,1.09679,96.4129
2016-04-07,1.08393,95.109
2016-04-08,1.08935,95.4853
2016-04-11,1.08632,95.1878
2016-04-12,1.09193,96.2117
2016-04-13,1.10669,98.2857
2016-04-14,1.10158,98.1632
2016-04-15,1.10604,98.4082
2016-04-18,1.1011,99.1521
2016-04-19,1.10001,99.2308
2016-04-20,1.10236,99.3796
2016-04-21,1.09913,98.8808
2016-04-22,1.10665,99.8609
2016-04-25,1.10252,99.1521
2016-04-26,1.11038,100.123
2016-04-27,1.12164,100.474
2016-04-28,1.11284,99.3271
2016-04-29,1.10741,98.4345
2016-05-02,1.1158,99.3096
2016-05-03,1.09699,97.6819
2016-05-04,1.10535,96.8768
2016-05-05,1.10866,96.4917
2016-05-06,1.12231,97.0605
2016-05-09,1.12097,97.3406
2016-05-10,1.12729,98.3207
2016-05-11,1.1218,97.1043
2016-05-12,1.1228,96.588
2016-05-13,1.11488,95.9491
2016-05-16,1.12763,97.1655
2016-05-17,1.10733,95.6253
2016-05-18,1.10872,96.1241
2016-05-19,1.10528,95.354
2016-05-20,1.11362,96.9555
2016-05-23,1.10879,96.8418
2016-05-24,1.12715,98.8371
2016-05-25,1.13266,99.4146
2016-05-26,1.1329,99.3009
2016-05-27,1.13958,100.29
2016-05-31,1.14236,100.64
2016-06-01,1.14986,101.322
2016-06-02,1.15302,102.101
2016-06-03,1.15357,101.489
2016-06-06,1.16054,102.583
2016-06-07,1.16445,102.88
2016-06-08,1.177,103.642
2016-06-09,1.17988,102.976
2016-06-10,1.17011,101.576
2016-06-13,1.16154,100.474
2016-06-14,1.16149,100.185
2016-06-15,1.15924,100.255
2016-06-16,1.16169,100.246
2016-06-17,1.14935,99.8172
2016-06-20,1.16394,100.902
2016-06-21,1.16443,100.71
2016-06-22,1.15976,100.316
2016-06-23,1.17641,102.233
2016-06-24,1.13859,98.347
2016-06-27,1.11852,95.1177
2016-06-28,1.13407,96.588
2016-06-29,1.1538,98.7845
2016-06-30,1.18177,100.622
2016-07-01,1.1887,100.981
2016-07-05,1.18296,99.4934
2016-07-06,1.18589,100.216
2016-07-07,1.18795,100.427
2016-07-08,1.2075,102.768
2016-07-11,1.21806,103.956
2016-07-12,1.21778,105.346
2016-07-13,1.21732,104.932
2016-07-14,1.21491,105.038
2016-07-15,1.21066,105.328
2016-07-18,1.21064,105.504
2016-07-19,1.20499,104.976
2016-07-20,1.1967,105.663
2016-07-21,1.18765,105.161
2016-07-22,1.19592,105.944
2016-07-25,1.18996,105.786
2016-07-26,1.19653,106.296
2016-07-27,1.1894,106.595
2016-07-28,1.18979,106.323
2016-07-29,1.1915,106.534
2016-08-01,1.19023,106.622
2016-08-02,1.1766,105.135
2016-08-03,1.18172,105.988
2016-08-04,1.17746,106.085
2016-08-05,1.17577,107.616
2016-08-08,1.17079,107.563
2016-08-09,1.17471,107.678
2016-08-10,1.17438,106.903
2016-08-11,1.1772,107.414
2016-08-12,1.17271,107.519
2016-08-15,1.17588,108.584
2016-08-16,1.16799,107.704
2016-08-17,1.16879,107.387
2016-08-18,1.176,108.179
2016-08-19,1.17196,108.179
2016-08-22,1.17657,108.426
2016-08-23,1.18374,109.182
2016-08-24,1.17564,108.294
2016-08-25,1.18284,108.505
2016-08-26,1.18232,108.285
2016-08-29,1.18895,108.848
2016-08-30,1.18957,109.05
2016-08-31,1.18725,108.434
2016-09-01,1.18688,108.514
2016-09-02,1.19438,109.561
2016-09-06,1.19817,109.666
2016-09-07,1.20265,110.353
2016-09-08,1.1981,110.133
2016-09-09,1.15526,106.692
2016-09-12,1.17137,108.179
2016-09-13,1.15299,106.103
2016-09-14,1.15015,106.12
2016-09-15,1.16136,107.387
2016-09-16,1.15604,107.229
2016-09-19,1.16078,107.942
2016-09-20,1.16003,107.484
2016-09-21,1.16791,109.042
2016-09-22,1.18007,110.608
2016-09-23,1.16934,109.825
2016-09-26,1.15804,108.734
2016-09-27,1.15775,109.175
2016-09-28,1.16318,110.014
2016-09-29,1.14575,108.408
2016-09-30,1.15711,109.599
2016-10-03,1.15362,109.255
2016-10-04,1.14475,108.716
2016-10-05,1.14571,109.369
2016-10-06,1.15192,109.255
2016-10-07,1.14827,108.381
2016-10-10,1.15526,109.678
2016-10-11,1.13651,107.675
2016-10-12,1.13915,107.587
2016-10-13,1.13533,106.696
2016-10-14,1.13057,106.263
2016-10-17,1.13165,106.14
2016-10-18,1.1349,106.749
2016-10-19,1.13215,107.199
2016-10-20,1.13562,106.881
2016-10-21,1.13321,106.828
2016-10-24,1.13786,107.508
2016-10-25,1.12934,106.705
2016-10-26,1.11179,105.646
2016-10-27,1.08298,104.437
2016-10-28,1.0969,104.146
2016-10-31,1.09647,104.561
2016-11-01,1.08613,103.281
2016-11-02,1.08206,101.966
2016-11-03,1.07569,101.472
2016-11-04,1.0745,102.125
2016-11-07,1.10072,104.622
2016-11-08,1.10612,104.896
2016-11-09,1.12193,108.125
2016-11-10,1.12832,109.855
2016-11-11,1.13944,112.378
2016-11-14,1.14695,113.958
2016-11-15,1.15952,114.311
2016-11-16,1.15398,114.302
2016-11-17,1.16704,114.972
2016-11-18,1.17435,115.581
2016-11-21,1.17926,116.12
2016-11-22,1.18307,117.178
2016-11-23,1.18844,117.911
2016-11-25,1.19419,118.299
2016-11-28,1.18693,116.764
2016-11-29,1.18865,116.702
2016-11-30,1.16773,116.128
2016-12-01,1.14561,115.564
2016-12-02,1.14976,115.502
2016-12-05,1.15731,117.487
2016-12-06,1.16231,118.758
2016-12-07,1.17451,119.914
2016-12-08,1.18793,121.802
2016-12-09,1.20005,122.04
2016-12-12,1.19084,120.752
2016-12-13,1.19249,120.761
2016-12-14,1.17459,119.252
2016-12-15,1.18634,120.143
2016-12-16,1.16731,119.923
2016-12-19,1.17314,120.708
2016-12-20,1.18711,121.731
2016-12-21,1.18295,120.937
2016-12-22,1.17549,119.894
2016-12-23,1.18299,120.532
2016-12-27,1.1864,121.073
2016-12-28,1.17313,119.832
2016-12-29,1.18044,119.939
2016-12-30,1.17746,119.478
2017-01-03,1.17632,120.072
2017-01-04,1.19163,122.074
2017-01-05,1.1796,120.665
2017-01-06,1.16796,120.222
2017-01-09,1.17697,119.434
2017-01-10,1.18182,120.577
2017-01-11,1.181,120.789
2017-01-12,1.17175,119.859
2017-01-13,1.18463,120.727
2017-01-17,1.16609,119.088
2017-01-18,1.16985,119.478
2017-01-19,1.15541,118.503
2017-01-20,1.15745,119.115
2017-01-23,1.14797,118.619
2017-01-24,1.15606,120.435
2017-01-25,1.16937,121.569
2017-01-26,1.15596,121.082
2017-01-27,1.15457,120.665
2017-01-30,1.13861,118.982
2017-01-31,1.14933,119.815
2017-02-01,1.15361,119.744
2017-02-02,1.15409,119.443
2017-02-03,1.16843,121.268
2017-02-06,1.16075,120.355
2017-02-07,1.16198,119.824
2017-02-08,1.16475,119.611
2017-02-09,1.18105,121.294
2017-02-10,1.18687,122.216
2017-02-13,1.18813,122.535
2017-02-14,1.1829,122.942
2017-02-15,1.19848,123.678
2017-02-16,1.19682,123.332
2017-02-17,1.1943,123.252
2017-02-21,1.20358,124.218
2017-02-22,1.19731,123.669
2017-02-23,1.18985,122.933
2017-02-24,1.19818,122.845
2017-02-27,1.20892,124.041
2017-02-28,1.18696,122.127
2017-03-01,1.20483,124.36
2017-03-02,1.1939,122.933
2017-03-03,1.19072,122.845
2017-03-06,1.17822,122.003
2017-03-07,1.17103,121.206
2017-03-08,1.17574,120.408
2017-03-09,1.17885,119.93
2017-03-10,1.18919,120.461
2017-03-13,1.1959,120.745
2017-03-14,1.20115,120.169
2017-03-15,1.21982,122.03
2017-03-16,1.21739,122.189
2017-03-17,1.22752,122.676
2017-03-20,1.22178,122.145
2017-03-21,1.20199,118.698
2017-03-22,1.202,118.725
2017-03-23,1.1948,119.416
2017-03-24,1.20015,119.502
2017-03-27,1.19907,119.724
2017-03-28,1.19795,120.657
2017-03-29,1.19603,121.048
2017-03-30,1.20014,121.963
2017-03-31,1.19936,122.159
2017-04-03,1.18927,120.871
2017-04-04,1.18139,120.728
2017-04-05,1.17036,119.36
2017-04-06,1.17327,120.471
2017-04-07,1.17032,120.417
2017-04-10,1.17543,120.684
2017-04-11,1.18278,121.644
2017-04-12,1.16906,119.991
2017-04-13,1.16425,118.818
2017-04-17,1.1746,120.213
2017-04-18,1.17725,120.24
2017-04-19,1.18701,120.657
2017-04-20,1.20125,122.195
2017-04-21,1.20319,121.919
2017-04-24,1.22484,123.438
2017-04-25,1.23322,124.638
2017-04-26,1.24372,125.278
2017-04-27,1.24526,125.242
2017-04-28,1.25457,123.563
2017-05-01,1.25728,124.274
2017-05-02,1.25049,123.643
2017-05-03,1.24436,122.879
2017-05-04,1.24138,122.71
2017-05-05,1.2461,123.501
2017-05-08,1.23959,122.985
2017-05-09,1.24648,122.932
2017-05-10,1.25248,123.696
2017-05-11,1.24476,122.834
2017-05-12,1.23894,122.186
2017-05-15,1.25353,123.136
2017-05-16,1.25504,123.181
2017-05-17,1.22852,119.858
2017-05-18,1.22469,120.293
2017-05-19,1.23404,120.871
2017-05-22,1.24266,121.688
2017-05-23,1.24983,122.088
2017-05-24,1.25179,122.168
2017-05-25,1.25685,122.248
2017-05-26,1.25717,122.212
2017-05-30,1.25858,121.253
2017-05-31,1.26056,121.128
2017-06-01,1.28387,123.465
2017-06-02,1.29093,124.265
2017-06-05,1.2826,123.492
2017-06-06,1.27441,123.376
2017-06-07,1.28063,123.492
2017-06-08,1.29218,125.18
2017-06-09,1.28745,125.829
2017-06-12,1.28886,125.624
2017-06-13,1.30021,126.264
2017-06-14,1.29647,125.518
2017-06-15,1.2957,124.878
2017-06-16,1.29234,124.567
2017-06-19,1.30704,125.491
2017-06-20,1.29748,124.22
2017-06-21,1.29695,123.909
2017-06-22,1.29281,124.38
2017-06-23,1.30439,125.207
2017-06-26,1.30467,125.358
2017-06-27,1.29092,124.256
2017-06-28,1.30874,126.157
2017-06-29,1.2982,125.411
2017-06-30,1.30437,125.216
2017-07-03,1.30822,126.264
2017-07-05,1.30925,125.811
2017-07-06,1.29876,124.168
2017-07-07,1.31059,125.373
2017-07-10,1.30455,124.828
2017-07-11,1.30793,125.194
2017-07-12,1.31863,126.158
2017-07-13,1.31587,126.265
2017-07-14,1.32475,126.479
2017-07-17,1.32586,126.774
2017-07-18,1.31972,126.444
2017-07-19,1.32869,127.702
2017-07-20,1.3288,127.791
2017-07-21,1.31512,127.211
2017-07-24,1.31857,127.39
2017-07-25,1.32412,128.55
2017-07-26,1.30307,127.836
2017-07-27,1.29008,127.024
2017-07-28,1.29447,126.685
2017-07-31,1.29287,126.283
2017-08-01,1.29087,126.524
2017-08-02,1.27548,125.141
2017-08-03,1.28485,124.516
2017-08-04,1.29116,125.123
2017-08-07,1.29905,125.328
2017-08-08,1.3014,124.936
2017-08-09,1.29537,123.856
2017-08-10,1.27554,121.607
2017-08-11,1.27762,121.785
2017-08-14,1.29769,123.633
2017-08-15,1.29643,122.615
2017-08-16,1.2996,122.651
2017-08-17,1.27948,120.411
2017-08-18,1.28127,120.402
2017-08-21,1.28154,120.322
2017-08-22,1.28794,121.625
2017-08-23,1.27956,121.428
2017-08-24,1.27703,121.803
2017-08-25,1.28418,122.151
2017-08-28,1.29177,122.669
2017-08-29,1.29614,122.696
2017-08-30,1.30892,123.481
2017-08-31,1.32658,124.695
2017-09-01,1.33234,125.4
2017-09-05,1.32699,124.195
2017-09-06,1.32599,124.454
2017-09-07,1.32523,124.141
2017-09-08,1.33438,124.239
2017-09-11,1.34634,125.542
2017-09-12,1.35145,126.31
2017-09-13,1.34663,126.685
2017-09-14,1.34734,126.569
2017-09-15,1.34727,127.086
2017-09-18,1.35729,127.952
2017-09-19,1.35197,127.952
2017-09-20,1.35055,128.362
2017-09-21,1.35168,128.228
2017-09-22,1.35967,128.773
2017-09-25,1.35488,128.951
2017-09-26,1.36004,129.362
2017-09-27,1.382,131.893
2017-09-28,1.37922,132.242
2017-09-29,1.38198,132.555
2017-10-02,1.39747,134.184
2017-10-03,1.39719,134.479
2017-10-04,1.40425,134.049
2017-10-05,1.40585,134.416
2017-10-06,1.40357,134.228
2017-10-09,1.38885,133.674
2017-10-10,1.38845,134.058
2017-10-11,1.38692,133.96
2017-10-12,1.38555,133.862
2017-10-13,1.38148,133.62
2017-10-16,1.38508,133.504
2017-10-17,1.37887,133.119
2017-10-18,1.38968,133.754
2017-10-19,1.38474,133.548
2017-10-20,1.39651,134.166
2017-10-23,1.39463,133.164
2017-10-24,1.39068,133.441
2017-10-25,1.3879,132.797
2017-10-26,1.39726,133.074
2017-10-27,1.39589,133.996
2017-10-30,1.38058,132.582
2017-10-31,1.39688,133.522
2017-11-01,1.38775,132.636
2017-11-02,1.40999,133.03
2017-11-03,1.40572,132.94
2017-11-06,1.40435,133.092
2017-11-07,1.40399,131.5
2017-11-08,1.40933,131.679
2017-11-09,1.40549,131.214
2017-11-10,1.42026,131.115
2017-11-13,1.42587,131.151
2017-11-14,1.42647,130.793
2017-11-15,1.4167,130.274
2017-11-16,1.44025,132.189
2017-11-17,1.43689,132.797
2017-11-20,1.44451,133.763
2017-11-21,1.46506,135.159
2017-11-22,1.45597,134.98
2017-11-24,1.4644,135.033
2017-11-27,1.45549,134.622
2017-11-28,1.46791,136.742
2017-11-29,1.46752,137.198
2017-11-30,1.4694,137.449
2017-12-01,1.45965,136.885
2017-12-04,1.44845,136.375
2017-12-05,1.44893,135.015
2017-12-06,1.44557,134.38
2017-12-07,1.45151,135.32
2017-12-08,1.45183,135.445
2017-12-11,1.44826,135.391
2017-12-12,1.44941,134.971
2017-12-13,1.45684,135.776
2017-12-14,1.44818,134.273
2017-12-15,1.47298,136.187
2017-12-18,1.48499,138.03
2017-12-19,1.47481,136.939
2017-12-20,1.47524,137.207
2017-12-21,1.47474,137.808
2017-12-22,1.47278,137.556
2017-12-26,1.47008,137.637
2017-12-27,1.47394,137.503
2017-12-28,1.47519,138.041
2017-12-29,1.46376,136.901
2018-01-02,1.46777,138.194
2018-01-03,1.46415,138.338
2018-01-04,1.46878,138.706
2018-01-05,1.47881,138.993
2018-01-08,1.48763,139.209
2018-01-09,1.4849,139.02
2018-01-10,1.48715,139.038
2018-01-11,1.50455,141.427
2018-01-12,1.50389,142.019
2018-01-16,1.49668,140.205
2018-01-17,1.50976,141.534
2018-01-18,1.51106,140.565
2018-01-19,1.53522,142.414
2018-01-22,1.53992,143.178
2018-01-23,1.54242,143.636
2018-01-24,1.54365,142.747
2018-01-25,1.56023,142.8
2018-01-26,1.56396,143.312
2018-01-29,1.54708,142.504
2018-01-30,1.53821,141.139
2018-01-31,1.5343,140.403
2018-02-01,1.53949,140.843
2018-02-02,1.51535,138.131
2018-02-05,1.46722,132.824
2018-02-06,1.48137,134.414
2018-02-07,1.48889,134.548
2018-02-08,1.44789,130.597
2018-02-09,1.46317,131.792
2018-02-12,1.46891,133.04
2018-02-13,1.47674,133.327
2018-02-14,1.49711,135.725
2018-02-15,1.49962,137.206
2018-02-16,1.5011,137.691
2018-02-20,1.48722,136.56
2018-02-21,1.49222,136.703
2018-02-22,1.48874,136.488
2018-02-23,1.51035,138.266
2018-02-26,1.51725,139.173
2018-02-27,1.51343,137.17
2018-02-28,1.49875,135.006
2018-03-01,1.4835,134.647
2018-03-02,1.50259,136.802
2018-03-05,1.51501,138.023
2018-03-06,1.53201,139.514
2018-03-07,1.53743,140.744
2018-03-08,1.53466,140.457
2018-03-09,1.56094,142.702
2018-03-12,1.56029,142.953
2018-03-13,1.55401,142.289
2018-03-14,1.54959,141.615
2018-03-15,1.55266,140.906
2018-03-16,1.56074,141.696
2018-03-19,1.54777,140.331
2018-03-20,1.54935,140.295
2018-03-21,1.55105,141.112
2018-03-22,1.52126,138.018
2018-03-23,1.50423,135.048
2018-03-26,1.53578,138
2018-03-27,1.49827,135.327
2018-03-28,1.50393,135.282
2018-03-29,1.52334,136.65
2018-04-02,1.49171,133.32
2018-04-03,1.51155,135.228
2018-04-04,1.52376,136.947
2018-04-05,1.53369,138.081
2018-04-06,1.50747,135.327
2018-04-09,1.50618,135.489
2018-04-10,1.52723,138.045
2018-04-11,1.52737,138.342
2018-04-12,1.53432,139.287
2018-04-13,1.52982,138.558
2018-04-16,1.54909,139.836
2018-04-17,1.55706,141.357
2018-04-18,1.56373,141.735
2018-04-19,1.55346,140.754
2018-04-20,1.54993,139.998
2018-04-23,1.55408,139.791
2018-04-24,1.54026,138.99
2018-04-25,1.54184,138.783
2018-04-26,1.56851,139.422
2018-04-27,1.56757,139.224
2018-04-30,1.55491,137.991
2018-05-01,1.52744,138.666
2018-05-02,1.52536,139.188
2018-05-03,1.52448,138.432
2018-05-04,1.5352,140.16
2018-05-07,1.54652,141.348
2018-05-08,1.55223,142.05
2018-05-09,1.54553,142.815
2018-05-10,1.55255,143.58
2018-05-11,1.55917,143.859
2018-05-14,1.5597,143.31
2018-05-15,1.56418,143.337
2018-05-16,1.57781,144.831
2018-05-17,1.58463,145.497
2018-05-18,1.59256,145.686
2018-05-21,1.60558,146.649
2018-05-22,1.5898,145.587
2018-05-23,1.59427,145.776
2018-05-24,1.59866,145.83
2018-05-25,1.60017,145.569
2018-05-29,1.60013,145.371
2018-05-30,1.62106,147.675
2018-05-31,1.61407,146.496
2018-06-01,1.63763,147.459
2018-06-04,1.64513,148.242
2018-06-05,1.6568,149.16
2018-06-06,1.67465,150.24
2018-06-07,1.6672,149.421
2018-06-08,1.66756,149.871
2018-06-11,1.67625,150.096
2018-06-12,1.67315,150.78
2018-06-13,1.67122,150.186
2018-06-14,1.68369,150.987
2018-06-15,1.68504,151.032
2018-06-18,1.68959,151.743
2018-06-19,1.69324,151.752
2018-06-20,1.70334,152.976
2018-06-21,1.68821,151.545
2018-06-22,1.69379,151.041
2018-06-25,1.65491,148.575
2018-06-26,1.65852,149.439
2018-06-27,1.63532,147.045
2018-06-28,1.6421,147.495
2018-06-29,1.63637,147.396
2018-07-02,1.65422,148.413
2018-07-03,1.65073,149.005
2018-07-05,1.66801,150.703
2018-07-06,1.68481,151.977
2018-07-09,1.69818,152.934
2018-07-10,1.68708,152.239
2018-07-11,1.67486,150.947
2018-07-12,1.68598,151.679
2018-07-13,1.68482,151.227
2018-07-16,1.67783,150.64
2018-07-17,1.69152,151.308
2018-07-18,1.68595,151.733
2018-07-19,1.68744,152.808
2018-07-20,1.68191,152.184
2018-07-23,1.6905,152.374
2018-07-24,1.67318,150.748
2018-07-25,1.684,151.299
2018-07-26,1.6981,152.112
2018-07-27,1.67038,149.276
2018-07-30,1.65974,148.318
2018-07-31,1.67975,149.827
2018-08-01,1.68096,149.728
2018-08-02,1.69748,150.82
2018-08-03,1.69015,150.297
2018-08-06,1.69949,151.137
2018-08-07,1.69198,151.498
2018-08-08,1.69217,151.363
2018-08-09,1.69711,151.751
2018-08-10,1.69697,151.326
2018-08-13,1.69299,150.441
2018-08-14,1.71255,151.932
2018-08-15,1.69286,150.026
2018-08-16,1.70622,151.417
2018-08-17,1.71962,152.067
2018-08-20,1.72626,152.492
2018-08-21,1.73542,154.244
2018-08-22,1.7479,154.623
2018-08-23,1.7596,154.154
2018-08-24,1.77067,154.994
2018-08-27,1.7703,155.219
2018-08-28,1.76149,155.364
2018-08-29,1.77276,155.816
2018-08-30,1.79741,155.689
2018-08-31,1.8138,156.285
2018-09-04,1.8161,155.59
2018-09-05,1.8221,155.174
2018-09-06,1.84353,154.127
2018-09-07,1.84669,154.045
2018-09-10,1.84624,154.235
2018-09-11,1.85037,154.488
2018-09-12,1.8455,154.117
2018-09-13,1.84058,154.154
2018-09-14,1.85487,154.804
2018-09-17,1.83175,153.16
2018-09-18,1.84024,153.801
2018-09-19,1.80878,153.241
2018-09-20,1.80951,154.659
2018-09-21,1.80436,153.919
2018-09-24,1.8067,153.35
2018-09-25,1.78407,153.585
2018-09-26,1.77995,152.181
2018-09-27,1.77145,152.19
2018-09-28,1.78064,152.652
2018-10-01,1.76789,150.641
2018-10-02,1.73679,149.011
2018-10-03,1.74234,150.315
2018-10-04,1.70951,148.205
2018-10-05,1.69439,146.864
2018-10-08,1.68871,146.557
2018-10-09,1.67766,145.986
2018-10-10,1.63644,141.793
2018-10-11,1.62278,139.085
2018-10-12,1.62292,139.112
2018-10-15,1.62841,139.628
2018-10-16,1.67539,143.676
2018-10-17,1.66622,143.061
2018-10-18,1.63658,140.38
2018-10-19,1.61893,138.895
2018-10-22,1.62149,138.596
2018-10-23,1.5973,137.355
2018-10-24,1.56035,132.183
2018-10-25,1.58081,135.045
2018-10-26,1.56017,133.569
2018-10-29,1.55257,132.835
2018-10-30,1.58281,135.607
2018-10-31,1.58169,135.879
2018-11-01,1.61088,139.012
2018-11-02,1.59953,139.474
2018-11-05,1.59878,139.365
2018-11-06,1.65098,140.054
2018-11-07,1.66172,142.562
2018-11-08,1.67417,142.182
2018-11-09,1.64497,139.547
2018-11-12,1.62902,136.784
2018-11-13,1.62684,136.349
2018-11-14,1.62432,135.353
2018-11-15,1.64329,137.282
2018-11-16,1.63849,137.608
2018-11-19,1.59658,134.819
2018-11-20,1.56597,132.22
2018-11-21,1.58168,134.067
2018-11-23,1.58758,133.94
2018-11-26,1.61139,135.679
2018-11-27,1.59617,134.556
2018-11-28,1.63143,137.88
2018-11-29,1.626,137.509
2018-11-30,1.63898,138.224
2018-12-03,1.64184,139.547
2018-12-04,1.56519,133.605
2018-12-06,1.55769,133.316
2018-12-07,1.52064,130.435
2018-12-10,1.51561,130.055
2018-12-11,1.51306,129.919
2018-12-12,1.52769,131.16
2018-12-13,1.5091,129.303
2018-12-14,1.48692,127.347
2018-12-17,1.4468,124.511
2018-12-18,1.43279,124.357
2018-12-19,1.40102,121.767
2018-12-20,1.37277,119.758
2018-12-21,1.3454,116.651
2018-12-24,1.32227,114.388
2018-12-26,1.3814,119.886
2018-12-27,1.38493,120.385
2018-12-28,1.3941,120.731
2018-12-31,1.40881,121.676
2019-01-02,1.39862,122.366
2019-01-03,1.36646,120.177
2019-01-04,1.41253,124.666
2019-01-07,1.421,126.846
2019-01-08,1.44091,128.791
2019-01-09,1.46178,129.854
2019-01-10,1.46684,130.527
2019-01-11,1.46589,130.563
2019-01-14,1.44987,129.264
2019-01-15,1.47007,130.354
2019-01-16,1.4822,131.326
2019-01-17,1.49043,132.517
2019-01-18,1.49516,133.88
2019-01-22,1.48049,131.763
2019-01-23,1.47633,131.399
2019-01-24,1.48705,132.19
2019-01-25,1.49769,133.889
2019-01-28,1.48816,133.171
2019-01-29,1.48966,132.853
2019-01-30,1.50635,134.307
2019-01-31,1.5215,135.452
2019-02-01,1.52561,135.561
2019-02-04,1.54181,137.178
2019-02-05,1.54426,137.324
2019-02-06,1.55447,137.151
2019-02-07,1.53951,136.024
2019-02-08,1.53795,136.17
2019-02-11,1.54915,137.306
2019-02-12,1.55147,139.023
2019-02-13,1.54517,139.414
2019-02-14,1.54196,139.732
2019-02-15,1.56339,141.958
2019-02-19,1.57243,142.349
2019-02-20,1.55412,143.021
2019-02-21,1.56472,142.476
2019-02-22,1.57652,143.712
2019-02-25,1.57265,143.748
2019-02-26,1.56568,142.758
2019-02-27,1.56761,142.958
2019-02-28,1.57573,142.467
2019-03-01,1.59185,143.794
2019-03-04,1.57188,142.494
2019-03-05,1.57241,141.831
2019-03-06,1.55581,139.05
2019-03-07,1.55367,137.833
2019-03-08,1.54291,137.796
2019-03-11,1.56354,140.204
2019-03-12,1.56597,140.277
2019-03-13,1.57827,140.831
2019-03-14,1.57535,140.259
2019-03-15,1.58079,140.631
2019-03-18,1.58416,141.531
2019-03-19,1.57689,140.813
2019-03-20,1.56831,139.64
2019-03-21,1.59261,141.471
2019-03-22,1.54776,136.323
2019-03-25,1.56056,136.924
2019-03-26,1.56552,138.364
2019-03-27,1.5665,137.827
2019-03-28,1.57348,139.057
2019-03-29,1.57801,139.485
2019-04-01,1.58919,141.006
2019-04-02,1.58031,140.642
2019-04-03,1.57702,141.371
2019-04-04,1.57743,142.063
2019-04-05,1.58507,143.394
2019-04-08,1.58329,143.157
2019-04-09,1.56776,141.407
2019-04-10,1.58302,143.33
2019-04-11,1.58206,143.148
2019-04-12,1.58574,143.667
2019-04-15,1.58853,143.202
2019-04-16,1.59721,143.539
2019-04-17,1.57766,142.227
2019-04-18,1.58159,141.808
2019-04-22,1.58448,141.435
2019-04-23,1.60512,143.567
2019-04-24,1.61206,144.013
2019-04-25,1.59562,142.82
2019-04-26,1.6111,144.204
2019-04-29,1.61003,144.897
2019-04-30,1.60561,144.223
2019-05-01,1.59246,142.856
2019-05-02,1.61318,143.521
2019-05-03,1.64473,146.264
2019-05-06,1.64799,146.428
2019-05-07,1.62917,143.53
2019-05-08,1.62153,142.829
2019-05-09,1.63143,142.309
2019-05-10,1.64224,142.701
2019-05-13,1.60955,138.155
2019-05-14,1.61969,139.895
2019-05-15,1.61617,140.35
2019-05-16,1.63094,141.225
2019-05-17,1.60415,139.257
2019-05-20,1.59679,138.291
2019-05-21,1.61372,140.15
2019-05-22,1.60516,138.975
2019-05-23,1.57731,136.114
2019-05-24,1.57948,137.389
2019-05-28,1.58466,136.296
2019-05-29,1.56811,135.157
2019-05-30,1.57207,134.783
2019-05-31,1.56083,132.897
2019-06-03,1.54357,133.362
2019-06-04,1.58525,136.815
2019-06-05,1.59737,136.843
2019-06-06,1.59087,136.487
2019-06-07,1.60286,137.453
2019-06-10,1.61431,138.264
2019-06-11,1.61053,137.854
2019-06-12,1.61886,138.009
2019-06-13,1.62784,139.467
2019-06-14,1.61615,138.246
2019-06-17,1.63052,139.199
2019-06-18,1.64687,140.818
2019-06-19,1.67376,141.321
2019-06-20,1.68274,141.988
2019-06-21,1.68236,140.763
2019-06-24,1.6699,139.053
2019-06-25,1.66544,138.203
2019-06-26,1.66566,137.883
2019-06-27,1.68465,140.47
2019-06-28,1.71183,142.18
2019-07-01,1.71357,142.729
2019-07-02,1.70878,141.86
2019-07-03,1.72213,142.875
2019-07-05,1.72008,143.259
2019-07-08,1.70758,141.897
2019-07-09,1.70593,142.089
2019-07-10,1.70442,142.335
2019-07-11,1.69993,141.641
2019-07-12,1.71376,142.738
2019-07-15,1.70435,141.988
2019-07-16,1.71046,141.942
2019-07-17,1.69498,140.927
2019-07-18,1.69787,141.458
2019-07-19,1.70039,140.644
2019-07-22,1.69898,140.516
2019-07-23,1.71739,141.449
2019-07-24,1.72615,143.789
2019-07-25,1.7252,142.052
2019-07-26,1.73404,143.734
2019-07-29,1.73603,142.774
2019-07-30,1.75834,144.32
2019-07-31,1.75854,143.149
2019-08-01,1.74916,141.074
2019-08-02,1.72479,139.51
2019-08-05,1.69037,135.322
2019-08-06,1.70834,136.566
2019-08-07,1.66346,136.529
2019-08-08,1.7009,139.474
2019-08-09,1.68959,137.718
2019-08-12,1.67,135.935
2019-08-13,1.67551,137.398
2019-08-14,1.64219,133.558
2019-08-15,1.63752,133.028
2019-08-16,1.66543,135.899
2019-08-19,1.66979,137.27
2019-08-20,1.66393,136.374
2019-08-21,1.67849,137.499
2019-08-22,1.67472,137.179
2019-08-23,1.62842,132.973
2019-08-26,1.64615,134.436
2019-08-27,1.6302,132.442
2019-08-28,1.64701,133.988
2019-08-29,1.67313,136.337
2019-08-30,1.6719,136.091
2019-09-03,1.65493,134.097
2019-09-04,1.65623,135.176
2019-09-05,1.67952,137.691
2019-09-06,1.67379,137.06
2019-09-09,1.69044,138.898
2019-09-10,1.69497,140.671
2019-09-11,1.71966,143.552
2019-09-12,1.71252,143.588
2019-09-13,1.72612,143.835
2019-09-16,1.74284,144.375
2019-09-17,1.739,144
2019-09-18,1.73664,143.113
2019-09-19,1.73372,142.418
2019-09-20,1.72775,142.116
2019-09-23,1.72307,142.006
2019-09-24,1.7025,139.863
2019-09-25,1.71731,141.395
2019-09-26,1.69546,139.817
2019-09-27,1.68505,138.698
2019-09-30,1.70106,138.863
2019-10-01,1.67545,136.138
2019-10-02,1.65297,135.11
2019-10-03,1.65689,135.56
2019-10-04,1.67989,136.844
2019-10-07,1.67648,136.606
2019-10-08,1.63704,134.385
2019-10-09,1.63306,135
2019-10-10,1.63154,135.541
2019-10-11,1.65684,137.835
2019-10-14,1.64856,137.331
2019-10-15,1.65489,138.909
2019-10-16,1.65572,139.055
2019-10-17,1.67351,140.698
2019-10-18,1.66465,140.028
2019-10-21,1.66765,141.34
2019-10-22,1.665,141.496
2019-10-23,1.67918,141.671
2019-10-24,1.68381,141.469
2019-10-25,1.69756,142.221
2019-10-28,1.70726,143.451
2019-10-29,1.70693,143.919
2019-10-30,1.69423,143.441
2019-10-31,1.68576,142.634
2019-11-01,1.70128,145.065
2019-11-04,1.71928,145.845
2019-11-05,1.71455,146.029
2019-11-06,1.70348,145.185
2019-11-07,1.72194,145.57
2019-11-08,1.7211,145.965
2019-11-11,1.72655,145.689
2019-11-12,1.73435,145.735
2019-11-13,1.72553,145.111
2019-11-14,1.72498,145.065
2019-11-15,1.73111,145.818
2019-11-18,1.72208,145.451
2019-11-19,1.72459,145.992
2019-11-20,1.71569,145.442
2019-11-21,1.71056,144.726
2019-11-22,1.72025,145.176
2019-11-25,1.75414,148.259
2019-11-26,1.7528,148.359
2019-11-27,1.76224,149.405
2019-11-29,1.75364,148.433
2019-12-02,1.73196,146.983
2019-12-03,1.73102,146.515
2019-12-04,1.73862,147.525
2019-12-05,1.73661,147.671
2019-12-06,1.75624,149.396
2019-12-09,1.74079,149.112
2019-12-10,1.74085,149.204
2019-12-11,1.75416,149.158
2019-12-12,1.77949,150.442
2019-12-13,1.76551,149.864
2019-12-16,1.77923,150.921
2019-12-17,1.79316,151.676
2019-12-18,1.79892,151.97
2019-12-19,1.79816,152.624
2019-12-20,1.80456,152.845
2019-12-23,1.79922,153.149
2019-12-24,1.80431,153.499
2019-12-26,1.80777,153.499
2019-12-27,1.80521,152.744
2019-12-30,1.79276,152.357
2019-12-31,1.79507,152.569
2020-01-02,1.80672,152.67
2020-01-03,1.80044,152.072
2020-01-06,1.80435,152.274
2020-01-07,1.79163,151.768
2020-01-08,1.79196,152.237
2020-01-09,1.7945,152.422
2020-01-10,1.78972,151.851
2020-01-13,1.8046,152.836
2020-01-14,1.80559,153.398
2020-01-15,1.81275,154.135
2020-01-16,1.83816,156.124
2020-01-17,1.83979,155.7
2020-01-21,1.83129,154.411
2020-01-22,1.82944,154.31
2020-01-23,1.84274,154.208
2020-01-24,1.82159,152.311
2020-01-27,1.81344,150.58
2020-01-28,1.86202,151.832
2020-01-29,1.85872,150.967
2020-01-30,1.85564,150.967
2020-01-31,1.81308,147.836
2020-02-03,1.81566,149.484
2020-02-04,1.81662,151.74
2020-02-05,1.84503,154.079
2020-02-06,1.84894,153.729
2020-02-07,1.82936,151.842
2020-02-10,1.82723,152.698
2020-02-11,1.85198,153.757
2020-02-12,1.85183,154.816
2020-02-13,1.87085,155.221
2020-02-14,1.8734,154.623
2020-02-18,1.87021,154.291
2020-02-19,1.89876,155.083
2020-02-20,1.9179,155.461
2020-02-21,1.90091,153.886
2020-02-24,1.85615,149.254
2020-02-25,1.81087,143.949
2020-02-26,1.79375,142.282
2020-02-27,1.70222,137.273
2020-02-28,1.69365,134.758
2020-03-02,1.72484,139.087
2020-03-03,1.69335,136.25
2020-03-04,1.7435,140.127
2020-03-05,1.65818,135.67
2020-03-06,1.62434,132.981
2020-03-09,1.47111,120.051
2020-03-10,1.5114,123.799
2020-03-11,1.42219,115.926
2020-03-12,1.24398,103.116
2020-03-13,1.29987,110.022
2020-03-16,1.09566,95.4259
2020-03-17,1.10366,99.8002
2020-03-18,0.938234,92.0645
2020-03-19,1.05297,95.6561
2020-03-20,0.991881,93.3814
2020-03-23,0.931077,92
2020-03-24,1.02912,100.417
2020-03-25,1.09093,101.665
2020-03-26,1.16172,107.989
2020-03-27,1.11433,104.06
2020-03-30,1.1416,106.352
2020-03-31,1.13807,105.816
2020-04-01,1.03773,98.6053
2020-04-02,1.02251,99.539
2020-04-03,0.978838,96.7193
2020-04-06,1.07148,104.124
2020-04-07,1.09754,104.393
2020-04-08,1.15668,109.154
2020-04-09,1.23913,114.377
2020-04-13,1.20437,111.28
2020-04-14,1.23312,113.536
2020-04-15,1.1557,108.904
2020-04-16,1.14596,108.081
2020-04-17,1.20197,112.842
2020-04-20,1.165,111.511
2020-04-21,1.1327,108.849
2020-04-22,1.14922,110.171
2020-04-23,1.17115,111.252
2020-04-24,1.19855,113.166
2020-04-27,1.25205,117.65
2020-04-28,1.2719,119.36
2020-04-29,1.35081,125.23
2020-04-30,1.30825,120.469
2020-05-01,1.25698,115.69
2020-05-04,1.25585,116.189
2020-05-05,1.26939,117.086
2020-05-06,1.25022,116.226
2020-05-07,1.28578,117.816
2020-05-08,1.31622,122.364
2020-05-11,1.31407,121.754
2020-05-12,1.25369,117.382
2020-05-13,1.1906,113.452
2020-05-14,1.21841,113.822
2020-05-15,1.25411,115.634
2020-05-18,1.35984,122.66
2020-05-19,1.33821,120.238
2020-05-20,1.36549,123.881
2020-05-21,1.36993,124.103
2020-05-22,1.37948,124.703
2020-05-26,1.41668,128.3
2020-05-27,1.46643,132.284
2020-05-28,1.42906,129.15
2020-05-29,1.40482,128.411
2020-06-01,1.42333,129.64
2020-06-02,1.42645,130.713
2020-06-03,1.49545,133.865
2020-06-04,1.50463,133.671
2020-06-05,1.54359,138.839
2020-06-08,1.58092,141.529
2020-06-09,1.53915,138.913
2020-06-10,1.50279,135.141
2020-06-11,1.39563,124.833
2020-06-12,1.4183,127.828
2020-06-15,1.44809,130.784
2020-06-16,1.48133,133.928
2020-06-17,1.46147,131.507
2020-06-18,1.45204,131.461
2020-06-19,1.44314,130.784
2020-06-22,1.45332,132.091
2020-06-23,1.46582,132.648
2020-06-24,1.40437,128.344
2020-06-25,1.41522,130.283
2020-06-26,1.38319,126.776
2020-06-29,1.42084,130.923
2020-06-30,1.44532,132.815
2020-07-01,1.43095,131.553
2020-07-02,1.43901,132.091
2020-07-06,1.45846,133.047
2020-07-07,1.42944,130.691
2020-07-08,1.43408,131.665
2020-07-09,1.39895,129.003
2020-07-10,1.4168,131.08
2020-07-13,1.40066,129.42
2020-07-14,1.44052,131.563
2020-07-15,1.49712,136.386
2020-07-16,1.4845,135.579
2020-07-17,1.48202,135.978
2020-07-20,1.48207,135.394
2020-07-21,1.50778,137.314
2020-07-22,1.52147,137.388
2020-07-23,1.5163,137.527
2020-07-24,1.49464,135.505
2020-07-27,1.52693,136.915
2020-07-28,1.49676,135.551
2020-07-29,1.53901,138.538
2020-07-30,1.52746,137.991
2020-07-31,1.50223,136.692
2020-08-03,1.51436,138.919
2020-08-04,1.51182,139.874
2020-08-05,1.52442,142.657
2020-08-06,1.51799,142.601
2020-08-07,1.52411,144.865
2020-08-10,1.52714,146.367
2020-08-11,1.5222,145.523
2020-08-12,1.54537,146.117
2020-08-13,1.55332,145.811
2020-08-14,1.55419,145.718
2020-08-17,1.56423,146.469
2020-08-18,1.54049,145.069
2020-08-19,1.53916,145.078
2020-08-20,1.51763,144.484
2020-08-21,1.49134,143.418
2020-08-24,1.50688,144.92
2020-08-25,1.49961,145.078
2020-08-26,1.49198,144.169
2020-08-27,1.50191,144.521
2020-08-28,1.50689,145.746
2020-08-31,1.47916,144.178
2020-09-01,1.49822,145.829
2020-09-02,1.5113,146.989
2020-09-03,1.46782,142.648
2020-09-04,1.45301,141.739
2020-09-08,1.42896,139.011
2020-09-09,1.44627,141.117
2020-09-10,1.42544,139.28
2020-09-11,1.42942,138.353
2020-09-14,1.44673,141.998
2020-09-15,1.43543,142.267
2020-09-16,1.43391,143.612
2020-09-17,1.42988,142.564
2020-09-18,1.41855,142.193
2020-09-21,1.36572,137.212
2020-09-22,1.3884,138.269
2020-09-23,1.353,134.15
2020-09-24,1.35089,134.15
2020-09-25,1.36351,136.329
2020-09-28,1.38573,139.69
2020-09-29,1.38282,139.057
2020-09-30,1.3985,139.476
2020-10-01,1.41641,141.702
2020-10-02,1.41501,142.325
2020-10-05,1.45081,146.255
2020-10-06,1.44867,145.836
2020-10-07,1.46234,149.02
2020-10-08,1.48397,150.715
2020-10-09,1.50574,151.497
2020-10-12,1.51611,152.512
2020-10-13,1.49996,151.497
2020-10-14,1.48906,149.998
2020-10-15,1.5015,151.544
2020-10-16,1.49881,151.171
2020-10-19,1.46777,149.365
2020-10-20,1.46838,149.691
2020-10-21,1.45646,148.406
2020-10-22,1.46805,150.966
2020-10-23,1.47777,151.842
2020-10-26,1.45351,148.564
2020-10-27,1.44486,147.288
2020-10-28,1.4068,142.754
2020-10-29,1.42005,144.458
2020-10-30,1.39899,142.549
2020-11-02,1.41893,145.091
2020-11-03,1.46482,149.207
2020-11-04,1.47321,149.374
2020-11-05,1.51241,153.555
2020-11-06,1.49064,152.354
2020-11-09,1.53,157.875
2020-11-10,1.57326,160.809
2020-11-11,1.5802,160.743
2020-11-12,1.55472,158.276
2020-11-13,1.58734,161.554
2020-11-16,1.62289,165.399
2020-11-17,1.6339,166.172
2020-11-18,1.60416,163.844
2020-11-19,1.59844,165.101
2020-11-20,1.59756,165.278
2020-11-23,1.62247,168.369
2020-11-24,1.64501,171.535
2020-11-25,1.63307,170.949
2020-11-27,1.64347,171.675
2020-11-30,1.61513,168.556
2020-12-01,1.63927,170.12
2020-12-02,1.64969,170.297
2020-12-03,1.64996,171.256
2020-12-04,1.68603,175.241
2020-12-07,1.69028,175.409
2020-12-08,1.70884,177.662
2020-12-09,1.69962,176.368
2020-12-10,1.71948,178.072
2020-12-11,1.69407,177.197
2020-12-14,1.71998,177.404
2020-12-15,1.75192,181.841
2020-12-16,1.74115,181.187
2020-12-17,1.738,183.345
2020-12-18,1.73496,182.457
2020-12-21,1.72966,182.364
2020-12-22,1.74751,184.438
2020-12-23,1.75678,186.007
2020-12-24,1.75109,185.885
2020-12-28,1.7611,185.194
2020-12-29,1.73892,181.607
2020-12-30,1.7592,183.457
2020-12-31,1.76332,183.13
2021-01-04,1.75294,180.739
2021-01-05,1.77257,183.531
2021-01-06,1.81895,191.041
2021-01-07,1.83388,194.441
2021-01-08,1.8139,194.021
2021-01-11,1.81767,193.853
2021-01-12,1.84492,197.327
2021-01-13,1.82748,195.917
2021-01-14,1.83131,199.831
2021-01-15,1.80899,196.851
2021-01-19,1.83553,199.373
2021-01-20,1.83545,200.251
2021-01-21,1.81753,198.514
2021-01-22,1.82521,200.821
2021-01-25,1.81745,200.625
2021-01-26,1.8262,199.233
2021-01-27,1.76461,195.581
2021-01-28,1.76868,194.955
2021-01-29,1.72173,192.003
2021-02-01,1.76678,196.72
2021-02-02,1.79208,199.522
2021-02-03,1.76685,200.12
2021-02-04,1.79752,204.202
2021-02-05,1.80464,207.032
2021-02-08,1.84002,212.319
2021-02-09,1.8333,213.318
2021-02-10,1.82715,211.917
2021-02-11,1.82518,211.674
2021-02-12,1.83382,212.272
2021-02-16,1.82288,210.936
2021-02-17,1.81705,209.283
2021-02-18,1.80058,206.042
2021-02-19,1.83964,210.339
2021-02-22,1.85456,208.975
2021-02-23,1.90203,207.135
2021-02-24,1.91281,212.029
2021-02-25,1.79511,204.193
2021-02-26,1.77565,203.912
2021-03-01,1.85489,211.161
2021-03-02,1.83821,207.098
2021-03-03,1.85366,204.856
2021-03-04,1.8029,199.13
2021-03-05,1.84109,203.352
2021-03-08,1.85214,204.314
2021-03-09,1.8669,208.611
2021-03-10,1.87284,212.235
2021-03-11,1.90201,216.905
2021-03-12,1.91071,218.185
2021-03-15,1.92172,218.96
2021-03-16,1.90811,215.298
2021-03-17,1.92587,216.989
2021-03-18,1.8844,210.385
2021-03-19,1.88323,211.973
2021-03-22,1.87386,210.376
2021-03-23,1.80518,202.745
2021-03-24,1.76585,198.056
2021-03-25,1.79994,202.752
2021-03-26,1.82928,206.448
2021-03-29,1.78678,200.637
2021-03-30,1.81274,204.015
2021-03-31,1.8307,206.757
2021-04-01,1.85139,209.377
2021-04-05,1.865,210.528
2021-04-06,1.87348,209.911
2021-04-07,1.86034,206.523
2021-04-08,1.86823,208.273
2021-04-09,1.87337,208.301
2021-04-12,1.87486,207.487
2021-04-13,1.86914,206.944
2021-04-14,1.88617,208.984
2021-04-15,1.90786,209.892
2021-04-16,1.9159,210.229
2021-04-19,1.90019,207.496
2021-04-20,1.86601,203.248
2021-04-21,1.90116,208.217
2021-04-22,1.90119,207.356
2021-04-23,1.91371,211.268
2021-04-26,1.91372,213.467
2021-04-27,1.90876,213.785
2021-04-28,1.89856,214.15
2021-04-29,1.90287,213.355
2021-04-30,1.87495,210.454
2021-05-03,1.91873,211.483
2021-05-04,1.90281,208.956
2021-05-05,1.916,208.123
2021-05-06,1.90738,208.301
2021-05-07,1.90541,210.921
2021-05-10,1.87345,205.559
2021-05-11,1.86581,204.904
2021-05-12,1.82299,198.251
2021-05-13,1.85207,201.9
2021-05-14,1.88628,206.832
2021-05-17,1.88889,207.113
2021-05-18,1.86458,205.541
2021-05-19,1.86596,203.959
2021-05-20,1.88575,205.316
2021-05-21,1.89471,205.849
2021-05-24,1.91109,207.188
2021-05-25,1.88874,205.185
2021-05-26,1.91089,209.012
2021-05-27,1.94209,211.165
2021-05-28,1.93216,211.024
2021-06-01,1.94054,213.42
2021-06-02,1.92573,213.673
2021-06-03,1.91943,211.885
2021-06-04,1.92048,212.802
2021-06-07,1.92368,215.657
2021-06-08,1.92907,217.94
2021-06-09,1.92468,216.489
2021-06-10,1.91413,214.884
2021-06-11,1.92773,217.152
2021-06-14,1.92595,216.515
2021-06-15,1.92763,215.896
2021-06-16,1.91391,215.437
2021-06-17,1.91227,213.019
2021-06-18,1.88677,208.183
2021-06-21,1.92062,212.635
2021-06-22,1.92364,213.6
2021-06-23,1.92895,214.303
2021-06-24,1.94803,217.33
2021-06-25,1.9711,217.696
2021-06-28,1.94337,215.971
2021-06-29,1.93685,214.94
2021-06-30,1.94101,214.968
2021-07-01,1.9643,216.862
2021-07-02,1.94304,214.8
2021-07-06,1.90937,211.679
2021-07-07,1.90289,209.711
2021-07-08,1.87813,207.78
2021-07-09,1.90456,212.166
2021-07-12,1.91048,212.344
2021-07-13,1.88801,208.342
2021-07-14,1.85509,205.128
2021-07-15,1.84823,203.965
2021-07-16,1.84046,201.454
2021-07-19,1.80753,198.436
2021-07-20,1.84519,204.593
2021-07-21,1.87231,208.117
2021-07-22,1.84306,204.809
2021-07-23,1.86463,205.765
2021-07-26,1.87234,206.365
2021-07-27,1.86846,203.956
2021-07-28,1.88422,206.955
2021-07-29,1.89524,208.548
2021-07-30,1.8933,207.171
2021-08-02,1.89736,206.14
2021-08-03,1.90845,206.993
2021-08-04,1.89218,204.415
2021-08-05,1.93344,208.089
2021-08-06,1.93351,209.364
2021-08-09,1.90753,208.211
2021-08-10,1.90974,208.623
2021-08-11,1.92067,209.645
2021-08-12,1.90615,209.148
2021-08-13,1.90636,207.246
2021-08-16,1.91636,205.315
2021-08-17,1.90406,202.813
2021-08-18,1.89013,201.041
2021-08-19,1.85859,198.633
2021-08-20,1.89055,201.988
2021-08-23,1.90703,205.831
2021-08-24,1.9085,207.855
2021-08-25,1.91163,208.586
2021-08-26,1.89395,206.374
2021-08-27,1.93342,212.194
2021-08-30,1.9396,211.323
2021-08-31,1.94095,211.735
2021-09-01,1.95532,213.16
2021-09-02,1.96339,214.64
2021-09-03,1.94248,213.647
2021-09-07,1.91963,212.175
2021-09-08,1.91406,209.861
2021-09-09,1.89544,209.757
2021-09-10,1.88028,207.705
2021-09-13,1.88429,208.886
2021-09-14,1.86802,206.224
2021-09-15,1.88393,208.089
2021-09-16,1.88894,208.239
2021-09-17,1.87924,208.511
2021-09-20,1.85199,203.553
2021-09-21,1.86124,203.862
2021-09-22,1.89753,207.03
2021-09-23,1.91816,210.695
2021-09-24,1.94458,209.678
2021-09-27,1.9534,212.865
2021-09-28,1.9194,208.024
2021-09-29,1.92124,207.582
2021-09-30,1.89977,205.636
2021-10-01,1.92206,208.955
2021-10-04,1.91933,207.056
2021-10-05,1.92609,207.77
2021-10-06,1.92429,206.689
2021-10-07,1.94403,209.876
2021-10-08,1.93579,208.297
2021-10-11,1.92223,207.103
2021-10-12,1.91959,208.24
2021-10-13,1.91915,209.227
2021-10-14,1.94322,212.329
2021-10-15,1.93929,211.662
2021-10-18,1.93719,211.54
2021-10-19,1.95017,212.329
2021-10-20,1.96393,213.739
2021-10-21,1.96311,214.285
2021-10-22,1.96888,213.777
2021-10-25,1.98029,215.808
2021-10-26,1.97467,214.181
2021-10-27,1.93016,210.243
2021-10-28,1.95744,214.435
2021-10-29,1.94858,214.379
2021-11-01,1.97805,219.934
2021-11-02,2.00241,220.395
2021-11-03,2.03342,224.334
2021-11-04,2.02508,224.249
2021-11-05,2.04704,227.314
2021-11-08,2.04913,228.019
2021-11-09,2.04674,226.693
2021-11-10,2.03776,223.121
2021-11-11,2.05829,224.917
2021-11-12,2.04386,225.142
2021-11-15,2.0579,224.249
2021-11-16,2.04622,224.663
2021-11-17,2.03756,221.721
2021-11-18,2.00945,220.78
2021-11-19,2.00089,218.769
2021-11-22,1.99158,217.838
2021-11-23,1.98987,217.462
2021-11-24,1.99062,217.697
2021-11-26,1.92158,209.49
2021-11-29,1.92104,209.359
2021-11-30,1.88546,205.091
2021-12-01,1.87625,200.475
2021-12-02,1.91851,206.069
2021-12-03,1.88832,201.838
2021-12-06,1.91969,205.89
2021-12-07,1.93515,210.666
2021-12-08,1.94042,212.104
2021-12-09,1.92018,207.3
2021-12-10,1.92135,206.727
2021-12-13,1.89977,203.706
2021-12-14,1.88472,201.952
2021-12-15,1.90513,205.158
2021-12-16,1.88517,201.009
2021-12-17,1.89583,202.857
2021-12-20,1.88149,200.009
2021-12-21,1.92437,205.723
2021-12-22,1.94635,207.704
2021-12-23,1.96573,209.363
2021-12-27,1.99267,211.324
2021-12-28,1.98995,210.033
2021-12-29,1.99116,210.259
2021-12-30,1.98357,210.202
2021-12-31,1.96925,209.75
2022-01-03,1.99838,212.456
2022-01-04,1.99598,212.135
2022-01-05,1.94785,204.95
2022-01-06,1.94565,206.119
2022-01-07,1.91935,203.734
2022-01-10,1.9103,203.027
2022-01-11,1.91139,205.186
2022-01-12,1.9084,203.658
2022-01-13,1.90856,201.792
2022-01-14,1.90196,202.074
2022-01-18,1.85716,195.964
2022-01-19,1.84383,192.777
2022-01-20,1.81617,189.289
2022-01-21,1.81389,185.743
2022-01-24,1.84158,190.024
2022-01-25,1.79807,187.488
2022-01-26,1.77363,184.781
2022-01-27,1.74968,180.586
2022-01-28,1.78829,184.103
2022-01-31,1.80915,189.751
2022-02-01,1.82617,191.75
2022-02-02,1.83405,189.845
2022-02-03,1.82462,186.252
2022-02-04,1.81311,187.054
2022-02-07,1.81793,187.978
2022-02-08,1.84649,191.184
2022-02-09,1.85213,194.814
2022-02-10,1.82889,191.825
2022-02-11,1.8212,189.883
2022-02-14,1.82223,189.223
2022-02-15,1.84648,194.295
2022-02-16,1.86393,194.701
2022-02-17,1.83695,189.713
2022-02-18,1.83282,188.082
2022-02-22,1.81953,185.432
2022-02-23,1.79975,181.962
2022-02-24,1.81483,186.733
2022-02-25,1.85076,190.939
2022-02-28,1.86624,191.712
2022-03-01,1.8608,188.1
2022-03-02,1.89417,192.579
2022-03-03,1.87796,190.298
2022-03-04,1.85399,187.318
2022-03-07,1.80437,182.66
2022-03-08,1.79549,183.669
2022-03-09,1.82623,188.845
2022-03-10,1.81453,188.506
2022-03-11,1.7832,185.498
2022-03-14,1.77387,181.708
2022-03-15,1.80418,184.602
2022-03-16,1.8621,190.411
2022-03-17,1.86962,193.4
2022-03-18,1.87746,195.436
2022-03-21,1.86444,193.711
2022-03-22,1.87475,195.653
2022-03-23,1.83982,192.259
2022-03-24,1.84842,194.469
2022-03-25,1.85171,194.734
2022-03-28,1.84898,194.8
2022-03-29,1.88878,200.015
2022-03-30,1.87185,196
2022-03-31,1.86423,193.931
2022-04-01,1.86399,196.104
2022-04-04,1.85675,196.425
2022-04-05,1.85157,191.777
2022-04-06,1.83499,189.056
2022-04-07,1.83791,188.442
2022-04-08,1.83368,186.94
2022-04-11,1.81498,185.683
2022-04-12,1.82337,186.269
2022-04-13,1.84158,189.812
2022-04-14,1.82832,187.97
2022-04-18,1.80374,186.704
2022-04-19,1.84295,190.426
2022-04-20,1.86688,191.153
2022-04-21,1.83874,186.874
2022-04-22,1.79149,182.036
2022-04-25,1.79797,183.142
2022-04-26,1.73721,177.369
2022-04-27,1.74647,176.632
2022-04-28,1.77767,179.93
2022-04-29,1.73782,174.733
2022-05-02,1.74369,176.566
2022-05-03,1.76471,178.078
2022-05-04,1.80135,182.83
2022-05-05,1.73968,175.414
2022-05-06,1.74416,172.494
2022-05-09,1.69837,165.239
2022-05-10,1.69114,165.286
2022-05-11,1.6639,161.176
2022-05-12,1.6912,163.066
2022-05-13,1.74064,168.234
2022-05-16,1.72825,167.43
2022-05-17,1.77417,172.551
2022-05-18,1.71298,166.505
2022-05-19,1.70942,166.779
2022-05-20,1.71584,166.353
2022-05-23,1.71277,168.366
2022-05-24,1.69566,165.872
2022-05-25,1.74068,168.857
2022-05-26,1.76106,172.627
2022-05-27,1.79525,177.275
2022-05-31,1.7811,175.074
2022-06-01,1.77741,174.082
2022-06-02,1.80773,178.333
2022-06-03,1.80257,176.727
2022-06-06,1.82962,177.492
2022-06-07,1.84609,180.355
2022-06-08,1.82302,177.568
2022-06-09,1.80516,173.887
2022-06-10,1.76789,169.169
2022-06-13,1.70175,161.222
2022-06-14,1.70412,160.445
2022-06-15,1.72957,162.794
2022-06-16,1.64984,155.254
2022-06-17,1.65219,156.467
2022-06-21,1.66815,159.271
2022-06-22,1.67201,158.968
2022-06-23,1.69812,160.871
2022-06-24,1.74945,165.854
2022-06-27,1.75668,166.47
2022-06-28,1.72298,163.344
2022-06-29,1.71505,161.686
2022-06-30,1.70731,160.426
2022-07-01,1.74047,162.368
2022-07-05,1.74639,163.713
2022-07-06,1.75505,162.501
2022-07-07,1.74849,166.347
2022-07-08,1.7476,166.328
2022-07-11,1.72745,162.984
2022-07-12,1.73874,162.425
2022-07-13,1.7447,162.283
2022-07-14,1.72596,160.616
2022-07-15,1.7454,163.96
2022-07-18,1.73098,163.495
2022-07-19,1.78037,169.264
2022-07-20,1.80222,171.916
2022-07-21,1.81866,172.797
2022-07-22,1.79745,170.041
2022-07-25,1.809,170.922
2022-07-26,1.81313,169.87
2022-07-27,1.84806,173.735
2022-07-28,1.8683,176.122
2022-07-29,1.88372,177.373
2022-08-01,1.88815,177.306
2022-08-02,1.872,177.136
2022-08-03,1.89815,179.741
2022-08-04,1.89444,179.362
2022-08-05,1.87407,180.735
2022-08-08,1.87627,182.649
2022-08-09,1.86119,180.158
2022-08-10,1.89631,185.301
2022-08-11,1.89134,185.993
2022-08-12,1.90705,189.791
2022-08-15,1.94519,190.464
2022-08-16,1.95129,190.388
2022-08-17,1.93214,187.186
2022-08-18,1.95433,188.427
2022-08-19,1.9271,184.382
2022-08-22,1.89195,180.584
2022-08-23,1.9026,180.877
2022-08-24,1.89624,182.26
2022-08-25,1.92493,185.093
2022-08-26,1.88027,179.011
2022-08-29,1.86644,177.363
2022-08-30,1.82954,174.881
2022-08-31,1.8215,173.82
2022-09-01,1.80469,171.926
2022-09-02,1.79377,170.59
2022-09-06,1.76194,168.904
2022-09-07,1.78219,172.579
2022-09-08,1.7826,174.019
2022-09-09,1.81522,177.515
2022-09-12,1.84526,179.665
2022-09-13,1.78898,172.636
2022-09-14,1.78061,173.309
2022-09-15,1.77736,172.049
2022-09-16,1.75615,169.548
2022-09-19,1.77967,170.998
2022-09-20,1.74492,168.667
2022-09-21,1.71968,166.091
2022-09-22,1.69577,162.349
2022-09-23,1.66564,158.484
2022-09-26,1.6422,156.314
2022-09-27,1.6562,156.848
2022-09-28,1.70166,161.808
2022-09-29,1.66357,158.181
2022-09-30,1.65244,157.029
2022-10-03,1.68582,161.189
2022-10-04,1.74613,167.578
2022-10-05,1.73198,166.341
2022-10-06,1.72369,165.408
2022-10-07,1.70587,160.542
2022-10-10,1.70881,159.647
2022-10-11,1.72082,159.695
2022-10-12,1.72379,159.257
2022-10-13,1.76259,163.199
2022-10-14,1.72798,158.828
2022-10-17,1.76911,163.894
2022-10-18,1.7981,165.836
2022-10-19,1.75929,163.018
2022-10-20,1.75412,160.942
2022-10-21,1.80277,164.436
2022-10-24,1.8223,165.141
2022-10-25,1.85233,169.645
2022-10-26,1.86051,170.482
2022-10-27,1.85559,170.521
2022-10-28,1.86043,174.396
2022-10-31,1.85607,174.558
2022-11-01,1.87365,174.796
2022-11-02,1.81457,168.997
2022-11-03,1.77482,167.864
2022-11-04,1.69469,170.13
2022-11-07,1.7398,170.901
2022-11-08,1.74295,170.968
2022-11-09,1.70147,166.274
2022-11-10,1.75929,176.51
2022-11-11,1.76394,177.957
2022-11-14,1.75317,175.967
2022-11-15,1.78343,178.576
2022-11-16,1.75424,175.434
2022-11-17,1.76722,173.805
2022-11-18,1.7917,174.929
2022-11-21,1.78128,174.015
2022-11-22,1.80751,175.872
2022-11-23,1.80701,176.329
2022-11-25,1.81027,176.7
2022-11-28,1.79419,173.139
2022-11-29,1.79982,173.644
2022-11-30,1.8304,178.404
2022-12-01,1.8383,178.014
2022-12-02,1.85982,179.052
2022-12-05,1.84908,174.12
2022-12-06,1.84845,171.454
2022-12-07,1.81063,170.949
2022-12-08,1.80839,172.187
2022-12-09,1.78798,170.073
2022-12-12,1.82181,172.073
2022-12-13,1.8319,173.498
2022-12-14,1.84243,172.36
2022-12-15,1.80402,168.046
2022-12-16,1.81118,166.792
2022-12-19,1.78344,164.535
2022-12-20,1.79312,165.405
2022-12-21,1.82429,168.256
2022-12-22,1.8035,166.056
2022-12-23,1.81275,166.812
2022-12-27,1.82539,165.692
2022-12-28,1.80182,163.119
2022-12-29,1.82577,167.252
2022-12-30,1.83862,166.783
2023-01-03,1.85164,165.865
2023-01-04,1.89146,167.931
2023-01-05,1.89978,166.132
2023-01-06,1.93814,169.863
2023-01-09,1.91854,170.15
2023-01-10,1.94967,172.666
2023-01-11,1.95939,174.818
2023-01-12,1.96529,177.754
2023-01-13,1.98142,178.921
2023-01-17,1.95852,178.701
2023-01-18,1.93917,175.813
2023-01-19,1.92881,174.129
2023-01-20,1.95096,176.999
2023-01-23,1.9806,179.189
2023-01-24,1.98008,178.807
2023-01-25,2.01153,179.304
2023-01-26,2.0075,180.366
2023-01-27,1.99939,181.341
2023-01-30,1.99248,178.816
2023-01-31,2.02833,183.159
2023-02-01,2.04905,186.038
2023-02-02,2.08978,189.702
2023-02-03,2.08203,188.429
2023-02-06,2.04868,185.703
2023-02-07,2.04764,187.081
2023-02-08,2.04061,184.345
2023-02-09,2.02981,181.676
2023-02-10,2.05089,182.04
2023-02-13,2.06549,184.23
2023-02-14,2.07171,184.144
2023-02-15,2.10693,186.009
2023-02-16,2.10481,184.23
2023-02-17,2.12368,184.737
2023-02-21,2.06551,179.285
2023-02-22,2.07362,179.773
2023-02-23,2.07638,181.054
2023-02-24,2.07341,179.361
2023-02-27,2.06141,179.993
2023-02-28,2.06392,180.002
2023-03-01,2.08717,180.232
2023-03-02,2.09242,180.662
2023-03-03,2.10805,183.178
2023-03-06,2.06216,180.5
2023-03-07,2.0464,178.405
2023-03-08,2.03447,178.491
2023-03-09,1.99385,173.527
2023-03-10,1.9497,168.524
2023-03-13,1.89614,165.779
2023-03-14,1.92952,168.849
2023-03-15,1.89404,166.065
2023-03-16,1.92542,168.332
2023-03-17,1.88187,163.789
2023-03-20,1.8999,165.912
2023-03-21,1.94114,168.973
2023-03-22,1.90312,164.181
2023-03-23,1.89188,163.452
2023-03-24,1.89753,164.931
2023-03-27,1.93592,166.765
2023-03-28,1.93908,166.525
2023-03-29,1.95602,168.416
2023-03-30,1.96064,168.186
2023-03-31,1.99825,171.277
2023-04-03,2.01196,171.354
2023-04-04,1.97175,168.349
2023-04-05,1.9571,166.697
2023-04-06,1.9603,166.947
2023-04-10,1.99325,168.733
2023-04-11,2.01198,170.067
2023-04-12,1.99801,168.819
2023-04-13,2.01595,171.056
2023-04-14,2.01734,169.462
2023-04-17,2.02413,171.642
2023-04-18,2.02994,170.912
2023-04-19,1.99765,171.133
2023-04-20,1.98247,170.25
2023-04-21,1.96573,170.471
2023-04-24,1.96436,170.355
2023-04-25,1.92789,166.15
2023-04-26,1.89951,164.547
2023-04-27,1.92649,166.745
2023-04-28,1.94917,168.205
2023-05-01,1.94366,168.301
2023-05-02,1.90062,164.844
2023-05-03,1.90361,165.449
2023-05-04,1.8253,163.596
2023-05-05,1.89916,167.485
2023-05-08,1.89315,167.101
2023-05-09,1.89483,166.601
2023-05-10,1.8791,167.446
2023-05-11,1.87006,166.16
2023-05-12,1.88061,165.824
2023-05-15,1.89096,167.849
2023-05-16,1.87358,165.401
2023-05-17,1.92736,169.088
2023-05-18,1.9693,170.115
2023-05-19,1.94739,169.078
2023-05-22,1.94891,171.143
2023-05-23,1.94629,170.336
2023-05-24,1.92069,168.531
2023-05-25,1.91877,167.216
2023-05-26,1.9386,169.117
2023-05-30,1.93144,168.493
2023-05-31,1.90613,166.832
2023-06-01,1.90936,168.637
2023-06-02,1.97156,174.752
2023-06-05,1.94485,172.41
2023-06-06,2.00692,176.951
2023-06-07,2.07375,180.262
2023-06-08,2.07736,179.588
2023-06-09,2.0646,178.134
2023-06-12,2.07286,178.875
2023-06-13,2.10526,180.926
2023-06-14,2.08064,178.981
2023-06-15,2.08035,180.454
2023-06-16,2.04764,179.01
2023-06-20,2.03994,178.23
2023-06-21,2.04353,177.816
2023-06-22,2.01129,176.498
2023-06-23,1.97765,173.84
2023-06-26,1.99135,174.014
2023-06-27,2.02387,176.526
2023-06-28,2.02528,177.393
2023-06-29,2.07467,179.434
2023-06-30,2.08155,180.291
2023-07-03,2.09969,180.657
2023-07-05,2.05581,178.856
2023-07-06,2.02745,175.968
2023-07-07,2.04638,177.826
2023-07-10,2.0603,180.868
2023-07-11,2.07421,182.726
2023-07-12,2.10513,184.719
2023-07-13,2.10238,186.212
2023-07-14,2.05578,184.392
2023-07-17,2.07664,186.366
2023-07-18,2.09157,188.666
2023-07-19,2.10293,189.466
2023-07-20,2.09957,187.81
2023-07-21,2.0876,187.213
2023-07-24,2.10747,187.675
2023-07-25,2.11293,187.656
2023-07-26,2.11935,189.138
2023-07-27,2.10564,186.693
2023-07-28,2.11205,189.109
2023-07-31,2.14536,191.304
2023-08-01,2.09605,190.428
2023-08-02,2.06071,187.839
2023-08-03,2.00411,187.309
2023-08-04,1.99615,186.934
2023-08-07,2.0062,187.059
2023-08-08,1.97765,185.884
2023-08-09,1.98087,184.43
2023-08-10,1.96599,183.612
2023-08-11,1.97677,183.872
2023-08-14,1.97961,183.554
2023-08-15,1.95743,181.128
2023-08-16,1.94313,178.914
2023-08-17,1.94262,176.806
2023-08-18,1.9585,177.768
2023-08-21,1.95507,177.508
2023-08-22,1.9575,176.979
2023-08-23,1.97244,178.866
2023-08-24,1.95765,176.392
2023-08-25,1.96483,177.143
2023-08-28,1.97561,178.721
2023-08-29,1.97618,181.215
2023-08-30,1.9735,181.898
2023-08-31,1.95595,181.581
2023-09-01,1.97597,183.737
2023-09-05,1.91566,179.867
2023-09-06,1.90784,179.193
2023-09-07,1.88042,177.46
2023-09-08,1.87755,177.066
2023-09-11,1.87781,177.489
2023-09-12,1.88424,177.316
2023-09-13,1.89422,176.151
2023-09-14,1.93014,178.635
2023-09-15,1.89531,176.767
2023-09-18,1.89403,175.593
2023-09-19,1.89267,174.909
2023-09-20,1.89643,173.157
2023-09-21,1.86321,170.471
2023-09-22,1.85132,170.086
2023-09-25,1.85306,170.846
2023-09-26,1.83199,168.65
2023-09-27,1.852,170.226
2023-09-28,1.8667,171.764
2023-09-29,1.85512,170.952
2023-10-02,1.88381,168.369
2023-10-03,1.88424,165.535
2023-10-04,1.86573,165.613
2023-10-05,1.88415,165.738
2023-10-06,1.89097,167.334
2023-10-09,1.90943,168.301
2023-10-10,1.93238,170.207
2023-10-11,1.94246,169.917
2023-10-12,1.90774,166.077
2023-10-13,1.903,164.694
2023-10-16,1.92442,167.354
2023-10-17,1.94851,169.22
2023-10-18,1.90882,165.738
2023-10-19,1.87565,163.098
2023-10-20,1.8565,160.989
2023-10-23,1.8313,159.625
2023-10-24,1.82772,161.018
2023-10-25,1.80948,158.358
2023-10-26,1.8176,158.764
2023-10-27,1.79351,156.898
2023-10-30,1.80651,157.768
2023-10-31,1.83495,159.132
2023-11-01,1.83699,160.041
2023-11-02,1.91247,164.307
2023-11-03,1.95509,168.775
2023-11-06,1.9314,166.667
2023-11-07,1.92293,166.077
2023-11-08,1.91877,164.307
2023-11-09,1.89559,161.763
2023-11-10,1.91932,163.572
2023-11-13,1.91232,163.63
2023-11-14,1.98767,172.615
2023-11-15,1.98875,172.915
2023-11-16,1.95808,170.12
2023-11-17,1.97093,172.451
2023-11-20,1.97685,173.457
2023-11-21,1.96261,171.223
2023-11-22,1.96637,172.296
2023-11-24,1.97699,173.457
2023-11-27,1.97586,172.877
2023-11-28,1.967,172.209
2023-11-29,1.97895,173.118
2023-11-30,1.98272,173.776
2023-12-01,2.04286,178.854
2023-12-04,2.08685,180.769
2023-12-05,2.04049,178.351
2023-12-06,2.02225,178.032
2023-12-07,2.03535,179.318
2023-12-08,2.03409,180.682
2023-12-11,2.05318,181.06
2023-12-12,2.03422,180.876
2023-12-13,2.0993,186.998
2023-12-14,2.13201,192.202
2023-12-15,2.11963,190.587
2023-12-18,2.12252,190.655
2023-12-19,2.16663,194.35
2023-12-20,2.13905,190.548
2023-12-21,2.17365,193.79
2023-12-22,2.18948,195.596
2023-12-26,2.19987,198.14
2023-12-27,2.2026,198.838
2023-12-28,2.19615,198.081
2023-12-29,2.18481,194.849
2024-01-02,2.17326,193.693
2024-01-03,2.12677,188.529
2024-01-04,2.12842,188.16
2024-01-05,2.12772,187.606
2024-01-08,2.15043,190.985
2024-01-09,2.14559,189.276
2024-01-10,2.15442,189.383
2024-01-11,2.15072,187.898
2024-01-12,2.14625,187.587
2024-01-16,2.13732,185.267
2024-01-17,2.12464,183.946
2024-01-18,2.14725,185.034
2024-01-19,2.16339,186.81
2024-01-22,2.21682,190.8
2024-01-23,2.1952,190.247
2024-01-24,2.17784,188.684
2024-01-25,2.19196,190.247
2024-01-26,2.20699,190.257
2024-01-29,2.22401,193.586
2024-01-30,2.16377,191.936
2024-01-31,2.1218,187.247
2024-02-01,2.16153,189.732
2024-02-02,2.14946,188.732
2024-02-05,2.10575,186.335
2024-02-06,2.12773,188.014
2024-02-07,2.1234,187.577
2024-02-08,2.16841,190.422
2024-02-09,2.2004,193.519
2024-02-12,2.22294,197.033
2024-02-13,2.1512,188.927
2024-02-14,2.17627,193.315
2024-02-15,2.20114,198.47
2024-02-16,2.18198,195.771
2024-02-20,2.1548,193.072
2024-02-21,2.16024,192.159
2024-02-22,2.1536,193.616
2024-02-23,2.16077,194.052
2024-02-26,2.16102,195.276
2024-02-27,2.16029,198.042
2024-02-28,2.16011,196.412
2024-02-29,2.17854,197.78
2024-03-01,2.19938,199.877
2024-03-04,2.19631,199.693
2024-03-05,2.17851,197.78
2024-03-06,2.17845,199.256
2024-03-07,2.18297,200.916
2024-03-08,2.1848,200.79
2024-03-11,2.17115,199.198
2024-03-12,2.17439,198.926
2024-03-13,2.18488,199.702
2024-03-14,2.15089,196.13
2024-03-15,2.16597,196.499
2024-03-18,2.12768,195.373
2024-03-19,2.14322,196.198
2024-03-20,2.17018,200.081
2024-03-21,2.19361,202.38
2024-03-22,2.16943,199.587
2024-03-25,2.17224,200.044
2024-03-26,2.16267,199.684
2024-03-27,2.20824,204.035
2024-03-28,2.22429,204.677
2024-04-01,2.21341,202.75
2024-04-02,2.18691,199.022
2024-04-03,2.2135,200.326
2024-04-04,2.19728,198.321
2024-04-05,2.20115,198.983
2024-04-08,2.20284,200.073
2024-04-09,2.22477,200.862
2024-04-10,2.17319,195.557
2024-04-11,2.17709,196.881
2024-04-12,2.13192,193.377
2024-04-15,2.10688,190.545
2024-04-16,2.09341,189.844
2024-04-17,2.07996,187.839
2024-04-18,2.08582,187.684
2024-04-19,2.10263,187.976
2024-04-22,2.11282,190.078
2024-04-23,2.12543,193.26
2024-04-24,2.13396,192.394
2024-04-25,2.10637,191.226
2024-04-26,2.09882,193.056
2024-04-29,2.11807,194.613
2024-04-30,2.08597,190.662
2024-05-01,2.034,191.061
2024-05-02,2.06535,194.574
2024-05-03,2.09648,196.501
2024-05-06,2.11698,199.042
2024-05-07,2.11458,199.489
2024-05-08,2.12445,198.331
2024-05-09,2.13018,200.356
2024-05-10,2.11085,198.847
2024-05-13,2.11586,199.266
2024-05-14,2.14029,201.329
2024-05-15,2.14961,203.84
2024-05-16,2.1464,202.37
2024-05-17,2.13731,202.516
2024-05-20,2.15474,202.964
2024-05-21,2.15848,202.769
2024-05-22,2.15775,201.056
2024-05-23,2.13794,197.757
2024-05-24,2.15213,199.947
2024-05-28,2.12883,199.674
2024-05-29,2.09213,196.725
2024-05-30,2.10477,198.594
2024-05-31,2.13054,200.268
2024-06-03,2.0865,199.139
2024-06-04,2.05348,196.57
2024-06-05,2.07198,199.577
2024-06-06,2.05716,198.146
2024-06-07,2.05646,195.82
2024-06-10,2.05189,196.492
2024-06-11,2.0389,195.82
2024-06-12,2.03944,198.826
2024-06-13,2.0163,197.089
2024-06-14,1.99359,193.956
2024-06-17,2.00716,195.586
2024-06-18,2.00938,195.928
2024-06-20,2.00351,195.098
2024-06-21,2.00118,195.537
2024-06-24,2.01474,196.386
2024-06-25,1.99677,195.742
2024-06-26,2.01161,195.225
2024-06-27,2.00436,197.206
2024-06-28,2.01864,198.016
2024-07-01,2.03617,196.357
2024-07-02,2.04818,197.03
2024-07-03,2.06071,196.982
2024-07-05,2.03897,196.045
2024-07-08,2.04563,197.421
2024-07-09,2.03168,196.562
2024-07-10,2.03258,198.485
2024-07-11,2.09624,205.619
2024-07-12,2.11145,208.02
2024-07-15,2.13305,211.973
2024-07-16,2.20208,219.205
2024-07-17,2.20322,216.911
2024-07-18,2.17554,212.714
2024-07-19,2.16368,211.631
2024-07-22,2.1942,214.998
2024-07-23,2.20995,217.282
2024-07-24,2.17005,212.617
2024-07-25,2.19776,215.271
2024-07-26,2.22584,218.834
2024-07-29,2.21106,216.404
2024-07-30,2.23643,217.223
2024-07-31,2.22379,218.482
2024-08-01,2.16363,211.377
2024-08-02,2.09364,203.901
2024-08-05,2.02023,197.343
2024-08-06,2.02385,199.49
2024-08-07,2.01302,197.128
2024-08-08,2.05695,201.92
2024-08-09,2.06617,201.5
2024-08-12,2.0659,199.685
2024-08-13,2.10655,202.974
2024-08-14,2.08198,201.715
2024-08-15,2.12452,206.946
2024-08-16,2.13105,207.493
2024-08-19,2.16479,210.03
2024-08-20,2.14875,207.581
2024-08-21,2.16796,210.284
2024-08-22,2.16338,208.43
2024-08-23,2.22201,215.086
2024-08-26,2.23188,215.154
2024-08-27,2.21888,213.485
2024-08-28,2.20331,212.041
2024-08-29,2.22369,213.554
2024-08-30,2.23355,214.793
2024-09-03,2.15162,208.225
2024-09-04,2.16453,207.874
2024-09-05,2.14676,206.839
2024-09-06,2.09832,202.906
2024-09-09,2.09178,203.472
2024-09-10,2.08151,203.306
2024-09-11,2.08236,203.901
2024-09-12,2.10257,206.527
2024-09-13,2.14988,211.621
2024-09-16,2.14784,212.383
2024-09-17,2.15238,214.139
2024-09-18,2.15871,214.178
2024-09-19,2.18871,218.59
2024-09-20,2.18707,216.247
2024-09-23,2.18785,215.457
2024-09-24,2.1751,215.818
2024-09-25,2.15564,213.186
2024-09-26,2.17143,214.322
2024-09-27,2.18059,215.771
2024-09-30,2.18749,216.319
2024-10-01,2.17225,213.382
2024-10-02,2.16253,213.088
2024-10-03,2.15823,211.658
2024-10-04,2.19145,214.615
2024-10-07,2.16991,212.931
2024-10-08,2.18698,213.078
2024-10-09,2.19965,213.548
2024-10-10,2.18231,212.363
2024-10-11,2.22408,216.682
2024-10-14,2.22996,218.278
2024-10-15,2.23167,218.454
2024-10-16,2.27198,222.048
2024-10-17,2.25511,221.441
2024-10-18,2.25233,220.981
2024-10-21,2.21612,217.504
2024-10-22,2.20198,216.682
2024-10-23,2.19103,214.704
2024-10-24,2.1896,215.174
2024-10-25,2.18152,214.361
2024-10-28,2.19722,217.857
2024-10-29,2.20269,217.152
2024-10-30,2.21377,216.858
2024-10-31,2.203,213.254
2024-11-01,2.18835,214.449
2024-11-04,2.20135,215.536
2024-11-05,2.21905,219.59
2024-11-06,2.31513,232.312
2024-11-07,2.33823,231.489
2024-11-08,2.28476,233.193
2024-11-11,2.30756,236.699
2024-11-12,2.25653,232.547
2024-11-13,2.24409,230.245
2024-11-14,2.24231,227.141
2024-11-15,2.21783,223.752
2024-11-18,2.22826,224.193
2024-11-19,2.26154,225.858
2024-11-20,2.26003,226.152
2024-11-21,2.29638,229.589
2024-11-22,2.33651,233.829
2024-11-25,2.35296,237.384
2024-11-26,2.34844,235.641
2024-11-27,2.35087,235.964
2024-11-29,2.36178,236.865
2024-12-02,2.35909,236.748
2024-12-03,2.34814,235.063
2024-12-04,2.35182,235.906
2024-12-05,2.35134,233.154
2024-12-06,2.34069,233.986
2024-12-09,2.33742,232.811
2024-12-10,2.32952,231.802
2024-12-11,2.35484,232.85
2024-12-12,2.33717,229.824
2024-12-13,2.31558,228.247
2024-12-16,2.33301,229.589
2024-12-17,2.30769,226.961
2024-12-18,2.22542,216.913
2024-12-19,2.22651,215.95
2024-12-20,2.23055,217.973
2024-12-23,2.23126,217.472
2024-12-24,2.25093,219.417
2024-12-26,2.26509,221.667
2024-12-27,2.24627,218.435
2024-12-30,2.22669,216.755
2024-12-31,2.24015,217.03
2025-01-02,2.22475,217.207
2025-01-03,2.25017,220.439
2025-01-06,2.25113,220.527
2025-01-07,2.23521,218.759
2025-01-08,2.28614,217.767
2025-01-10,2.24449,212.974
2025-01-13,2.25726,213.386
2025-01-14,2.27431,215.813
2025-01-15,2.30061,220.056
2025-01-16,2.32926,220.498
2025-01-17,2.31533,221.45
2025-01-21,2.35567,225.703
2025-01-22,2.33566,224.23
2025-01-23,2.39196,225.252
2025-01-24,2.39445,224.623
2025-01-27,2.41747,222.472
2025-01-28,2.38604,222.717
2025-01-29,2.38993,222.207
2025-01-30,2.39431,224.466
2025-01-31,2.36792,222.452
2025-02-03,2.3219,219.849
2025-02-04,2.33913,222.894
2025-02-05,2.36351,225.32
2025-02-06,2.34771,224.584
2025-02-07,2.30622,221.981
2025-02-10,2.33658,222.983
2025-02-11,2.32701,221.686
2025-02-12,2.34377,219.643
2025-02-13,2.42844,222.118
2025-02-14,2.40943,221.951
2025-02-18,2.41625,223.169
2025-02-19,2.41001,222.403
2025-02-20,2.40149,220.272
2025-02-21,2.35976,213.927
2025-02-24,2.37106,212.385
2025-02-25,2.39025,211.579
2025-02-26,2.34793,211.844
2025-02-27,2.31922,208.613
2025-02-28,2.34896,210.833
2025-03-03,2.30266,205.067
2025-03-04,2.24461,202.749
2025-03-05,2.25126,204.763
2025-03-06,2.24998,201.629
2025-03-07,2.25377,202.287
2025-03-10,2.21413,197.2
2025-03-11,2.21424,197.18
2025-03-12,2.19944,197.524
2025-03-13,2.16994,194.577
2025-03-14,2.20989,199.282
2025-03-17,2.23589,201.796
2025-03-18,2.2306,200.044
2025-03-19,2.2587,203.155
2025-03-20,2.25051,201.865
2025-03-21,2.23373,200.615
2025-03-24,2.27142,205.606
2025-03-25,2.24199,204.464
2025-03-26,2.22884,202.387
2025-03-27,2.23136,201.422
2025-03-28,2.19969,197.327
2025-03-31,2.20037,196.382
2025-04-01,2.18208,196.402
2025-04-02,2.21757,199.503
2025-04-03,2.09333,186.695
2025-04-04,1.97323,178.367
2025-04-07,1.92757,176.753
2025-04-08,1.85494,172.096
2025-04-09,1.9951,186.725
2025-04-10,1.88032,178.879
2025-04-11,1.89881,181.488
2025-04-14,1.91672,183.624
2025-04-15,1.91238,183.85
2025-04-16,1.89226,182.088
2025-04-17,1.9074,183.575
2025-04-21,1.86128,179.893
2025-04-22,1.90827,184.549
2025-04-23,1.92595,187.286
2025-04-24,1.97098,191.037
2025-04-25,1.97861,191.096
2025-04-28,1.99272,191.903
2025-04-29,2.01306,193.035
2025-04-30,1.98468,191.824
2025-05-01,1.909,193.015
2025-05-02,1.9401,197.357
2025-05-05,1.90963,195.841
2025-05-06,1.90398,193.704
2025-05-07,1.90919,194.344
2025-05-08,1.97165,198.046
2025-05-09,1.95398,197.681
2025-05-12,2.02532,204.631
2025-05-13,2.02338,205.38
2025-05-14,1.97542,203.558
2025-05-15,1.99674,204.887
2025-05-16,2.01943,206.581
2025-05-19,2.01408,205.714
2025-05-20,2.00952,205.823
2025-05-21,1.95116,200.044
2025-05-22,1.97761,200.034
2025-05-23,1.97719,199.404
2025-05-27,2.04157,204.464
2025-05-28,2.01424,202.308
2025-05-29,2.02073,202.909
2025-05-30,2.01485,201.875
2025-06-02,2.0076,202.505
2025-06-03,2.03659,205.773
2025-06-04,2.03059,205.193
2025-06-05,2.03012,205.281
2025-06-06,2.0824,208.599
2025-06-09,2.10619,210.036
2025-06-10,2.13059,211.168
2025-06-11,2.12497,210.302
2025-06-12,2.10506,209.465
2025-06-13,2.08354,205.636
2025-06-16,2.10618,208.06
2025-06-17,2.07936,205.868
2025-06-18,2.09877,206.954
2025-06-20,2.09378,206.52
2025-06-23,2.10186,209.047
2025-06-24,2.1245,211.712
2025-06-25,2.10742,209.245
2025-06-26,2.13506,212.64
2025-06-27,2.1229,212.709
2025-06-30,2.12281,213.015
2025-07-01,2.15014,215.207
2025-07-02,2.18341,218.188
2025-07-03,2.19458,220.212
2025-07-07,2.14699,216.905
2025-07-08,2.18982,218.405
2025-07-09,2.2139,220.774
2025-07-10,2.23505,221.91
2025-07-11,2.21089,218.849
2025-07-14,2.24796,220.32
2025-07-15,2.19681,216.006
2025-07-16,2.20378,218.178
2025-07-17,2.17047,221.041
2025-07-18,2.15658,219.471
2025-07-21,2.1703,218.583
2025-07-22,2.21358,220.399
2025-07-23,2.24196,223.765
2025-07-24,2.21102,220.676
2025-07-25,2.20818,221.495
2025-07-28,2.1843,221.238
2025-07-29,2.15643,219.827
2025-07-30,2.13851,218.711
2025-07-31,2.11063,216.569
2025-08-01,2.07568,212.157
2025-08-04,2.10283,216.905
2025-08-05,2.0687,218.01
2025-08-06,2.05768,217.724
2025-08-07,2.06285,217.013
2025-08-08,2.07011,217.487
2025-08-11,2.10569,217.438
2025-08-12,2.17702,223.894
2025-08-13,2.20319,228.247
2025-08-14,2.16437,225.305
2025-08-15,2.1641,224.21
2025-08-18,2.16884,225.029
2025-08-19,2.16188,223.301
2025-08-20,2.17661,222.512
2025-08-21,2.1929,223.065
2025-08-22,2.2642,231.811
2025-08-25,2.25827,229.372
2025-08-26,2.26654,231.268
2025-08-27,2.28842,232.906
2025-08-28,2.27171,233.183
2025-08-29,2.29337,232.146
2025-09-02,2.27392,230.893
2025-09-03,2.26493,230.666
2025-09-04,2.2841,233.548
2025-09-05,2.30447,234.713
2025-09-08,2.30478,235.187
2025-09-09,2.26268,233.805
2025-09-10,2.22641,233.39
2025-09-11,2.27914,237.704
2025-09-12,2.24955,235.275
2025-09-15,2.2256,236.272
2025-09-16,2.2319,235.883
2025-09-17,2.2335,236.487
2025-09-18,2.28177,242.377
2025-09-19,2.26605,240.536
2025-09-22,2.28765,241.932
2025-09-23,2.29896,241.387
2025-09-24,2.29772,239.17
2025-09-25,2.24733,236.883
2025-09-26,2.24906,238.913
2025-09-29,2.2432,239.19
2025-09-30,2.25616,239.526
2025-10-01,2.26114,240.051
2025-10-02,2.24129,241.566
2025-10-03,2.26779,243.357
2025-10-06,2.23969,244.328
2025-10-07,2.21329,241.704
2025-10-08,2.20277,244.239
2025-10-09,2.18032,242.665
2025-10-10,2.09345,235.398
2025-10-13,2.1193,241.952
2025-10-14,2.13898,245.407
2025-10-15,2.15874,247.812
2025-10-16,2.13403,242.595
2025-10-17,2.13163,240.962
2025-10-20,2.16692,245.664
2025-10-21,2.16919,244.506
2025-10-22,2.15508,240.893
2025-10-23,2.1705,243.942
2025-10-24,2.18886,246.921
2025-10-27,2.12696,247.783
2025-10-28,2.11658,246.456
2025-10-29,2.06962,244.357
2025-10-30,2.04794,242.387
2025-10-31,2.07062,243.753
2025-11-03,2.06909,242.971
2025-11-04,2.03268,238.774
2025-11-05,2.06079,242.219
2025-11-06,2.02335,237.933
2025-11-07,2.05181,239.18
2025-11-10,2.12332,241.576
2025-11-11,2.13646,241.783
2025-11-12,2.14902,241.19
2025-11-13,2.10336,234.408
2025-11-14,2.08568,235.091
2025-11-17,2.05138,230.419
2025-11-18,2.05273,231.122
2025-11-19,2.02466,231.082
2025-11-20,1.99389,226.806
2025-11-21,2.05726,233.23
2025-11-24,2.08085,237.487
2025-11-25,2.12237,242.665
2025-11-26,2.13298,244.813
2025-11-28,2.13639,246.248
2025-12-01,2.11725,243.15
2025-12-02,2.1056,242.704
2025-12-03,2.1576,247.119
2025-12-04,2.13692,249.287
2025-12-05,2.12087,248.248
2025-12-08,2.12185,248.347
2025-12-09,2.13452,248.862
2025-12-10,2.18336,252.247
2025-12-11,2.23108,255.207
2025-12-12,2.22063,251.297
2025-12-15,2.19042,249.396
2025-12-16,2.19738,248.216
2025-12-17,2.21028,245.574
2025-12-18,2.21024,247.034
2025-12-19,2.20383,249.1
2025-12-22,2.20606,251.871
2025-12-23,2.21182,250.381
2025-12-24,2.2143,251.007
2025-12-26,2.22546,249.726
2025-12-29,2.21433,248.196
2025-12-30,2.20085,246.359
2025-12-31,2.18195,244.501
2026-01-02,2.16527,247.104
2026-01-05,2.19908,251.027
2026-01-06,2.22146,254.355
2026-01-07,2.20992,253.759
2026-01-08,2.24151,256.53
2026-01-09,2.24267,258.477
2026-01-12,2.29724,259.738
2026-01-13,2.28746,259.589
2026-01-14,2.30601,261.417
2026-01-15,2.33326,263.721
2026-01-16,2.30189,263.969
2026-01-20,2.28581,260.811
2026-01-21,2.32898,265.986
2026-01-22,2.36399,267.972
2026-01-23,2.33002,263.026
2026-01-26,2.31362,262.201
2026-01-27,2.29832,262.946
2026-01-28,2.2747,261.526
2026-01-29,2.28348,261.595
2026-01-30,2.29791,257.9
2026-02-02,2.31748,260.413
2026-02-03,2.27949,261.009
2026-02-04,2.29593,258.765
2026-02-05,2.25589,254.106
2026-02-06,2.30129,263.234
2026-02-09,2.296,265.082
2026-02-10,2.29992,264.367
2026-02-11,2.24515,263.165
2026-02-12,2.18375,257.791
2026-02-13,2.20854,261.188
2026-02-17,2.19914,261.268
2026-02-18,2.27656,262.211
2026-02-19,2.26447,262.817
2026-02-20,2.28641,262.827
2026-02-23,2.22521,258.735
2026-02-24,2.25414,261.556
2026-02-25,2.23823,262.797
2026-02-26,2.23537,264.198
2026-02-27,2.18656,259.649
2026-03-02,2.17573,262.032
2026-03-03,2.15436,257.493
2026-03-04,2.19808,259.996
2026-03-05,2.16786,255.03
2026-03-06,2.11661,249.199
2026-03-09,2.08154,251.911
2026-03-10,2.04955,251.653
2026-03-11,2.02865,251.146
2026-03-12,1.97556,245.743
2026-03-13,1.96338,244.928
2026-03-16,1.98215,247.243
2026-03-17,2.00057,248.807
2026-03-18,1.94906,244.797
2026-03-19,1.94651,246.399
2026-03-20,1.92078,241.016
2026-03-23,1.97457,246.22
2026-03-24,1.97451,247.543
2026-03-25,1.98366,250.568
2026-03-26,1.9582,246.21
2026-03-27,1.91888,241.892
2026-03-30,1.91183,238.419
2026-03-31,1.9508,246.767
2026-04-01,1.97128,248.319
2026-04-02,1.98558,250.041
2026-04-06,1.98962,251.105
2026-04-07,1.99463,251.653
2026-04-08,2.02439,259.175
2026-04-09,2.04895,260.658
2026-04-10,2.09333,260.001
2026-04-13,2.12756,263.752
2026-04-14,2.1606,267.384
2026-04-15,2.17654,268.051
2026-04-16,2.22833,268.608
2026-04-17,2.26412,274.409
2026-04-20,2.27724,275.971
2026-04-21,2.25512,273.145
2026-04-22,2.26746,275.106
2026-04-23,2.1949,274.15
2026-04-24,2.3071,275.275
2026-04-27,2.36005,275.762
2026-04-28,2.38124,272.548
2026-04-29,2.34902,270.727
2026-04-30,2.36909,276.588
2026-05-01,2.39901,277.892
2026-05-04,2.36337,276.499
2026-05-05,2.40522,281.155
2026-05-06,2.41118,285.374
2026-05-07,2.41161,280.857
2026-05-08,2.41523,282.757
2026-05-11,2.37737,283.912
2026-05-12,2.34129,281.165
2026-05-13,2.29829,281.265
2026-05-14,2.29619,283.036
2026-05-15,2.26673,276.22
2026-05-18,2.28218,274.598
2026-05-19,2.24925,271.643
2026-05-20,2.29287,278.479
2026-05-21,2.31468,281.086
2026-05-22,2.34824,283.703
2026-05-26,2.37138,289.066
2026-05-27,2.38157,288.927
2026-05-28,2.41354,290.578
2026-05-29,2.43298,288.986
2026-06-01,2.44233,287.543
2026-06-02,2.41558,290.21
2026-06-03,2.38279,286.24
2026-06-04,2.42681,290.558
2026-06-05,2.37651,280.25
2026-06-08,2.38968,282.698
2026-06-09,2.41149,283.603
2026-06-10,2.41763,280.648
2026-06-11,2.46016,288.966
2026-06-12,2.48225,291.494
2026-06-15,2.45044,293.872
2026-06-16,2.43126,291.319
2026-06-17,2.41134,289.125
2026-06-18,2.45792,294.82
2026-06-22,2.41174,297.403
2026-06-23,2.43268,294.551
2026-06-24,2.48519,295.917
2026-06-25,2.46952,298.131
2026-06-26,2.53753,299.049
2026-06-29,2.52911,298.191
2026-06-30,2.52563,299.667
2026-07-01,2.54147,298.54
2026-07-02,2.55432,296.805
2026-07-06,2.57644,298.121
2026-07-07,2.56165,295.418
2026-07-08,2.52385,292.716
2026-07-09,2.53798,296.466
2026-07-10,2.53803,295.219
2026-07-13,2.55221,292.716
2026-07-14,2.52948,293.743
2026-07-15,2.56732,295
2026-07-16,2.63987,294.82
2026-07-17,2.61643,293.274
2026-07-20,2.59501,291.549
2026-07-21,2.6152,295.768
2026-07-22,2.59883,293.025
2026-07-23,2.58487,291.329
2026-07-24,2.58545,290.412
2026-07-27,2.63155,292.147
2026-07-28,2.67596,292.606
2026-07-29,2.6484,287.818
2026-07-30,2.62265,291.828
2026-07-31,2.63511,290.441
2026-08-03,2.69164,295.448
2026-08-04,2.71777,300.924
2026-08-05,2.74765,298.989
2026-08-06,2.55278,297.473
2026-08-07,2.59221,300.774
2026-08-10,2.60294,299.199
2026-08-11,2.60295,300.206
2026-08-12,2.59599,301.921
2026-08-13,2.62532,302.709
2026-08-14,2.61831,304.295
2026-08-17,2.60095,303.268
2026-08-18,2.58972,299.448
2026-08-19,2.59439,300.934
2026-08-20,2.57317,296.895
2026-08-21,2.62917,299.179
2026-08-24,2.60938,297.194
2026-08-25,2.64993,298.451
2026-08-26,2.67233,298.151
2026-08-27,2.71131,299.029
2026-08-28,2.67716,294.98
2026-08-31,2.66011,293.164
2026-09-01,2.64689,289.813
2026-09-02,2.68961,293.244
2026-09-03,2.68006,294.421
2026-09-04,2.70355,295.239
2026-09-08,2.6532,293.902
2026-09-09,2.6165,289.883
2026-09-10,2.59473,286.951
2026-09-11,2.63632,288.137
2026-09-14,2.61864,287.16
2026-09-15,2.59794,285.14
2026-09-16,2.58747,283.92
2026-09-17,2.59415,285.43
2026-09-18,2.57068,284.1
2026-09-21,2.59461,285.58
2026-09-22,2.62967,287.21
2026-09-23,2.58254,281.92
2026-09-24,2.60163,281.66
2026-09-25,2.62005,281.97
2026-09-28,2.60853,280.02
2026-09-29,2.57666,279.01
2026-09-30,2.57575,277.89
2026-10-01,2.58187,276.23
