vteS&P 500 companies,vteS&P 500 companies.1
Communication services,Alphabet Inc. AT&T Charter Communications Comcast EchoStar Fox Corporation Live Nation Entertainment Meta Platforms Netflix News Corp Omnicom Group Paramount Skydance Reddit T-Mobile Take-Two Interactive TKO Group Holdings Verizon The Walt Disney Company Warner Bros. Discovery
Consumer discretionary,"Airbnb Amazon Aptiv AutoZone Best Buy Booking Holdings Carnival Carvana Chipotle Mexican Grill Darden Restaurants Deckers Brands Domino's DoorDash D. R. Horton eBay Expedia Group Ford Motor Company Garmin General Motors Genuine Parts Company Hasbro Hilton Worldwide Home Depot Las Vegas Sands Lennar Lowe's Lululemon Marriott International McDonald's MGM Resorts International Nike, Inc. Norwegian Cruise Line Holdings NVR, Inc. O'Reilly Auto Parts PulteGroup Ralph Lauren Corporation Ross Stores Royal Caribbean Group Starbucks Tapestry, Inc. Tesla, Inc. TJX Tractor Supply Company Ulta Beauty Williams-Sonoma, Inc. Wynn Resorts Yum! Brands"
Consumer staples,Altria Archer Daniels Midland Brown-Forman Bunge Global Casey's Church & Dwight Clorox The Coca-Cola Company Colgate-Palmolive Constellation Brands Costco Dollar General Dollar Tree Estée Lauder Companies General Mills The Hershey Company Hormel Foods Kenvue Keurig Dr Pepper Kimberly-Clark Kraft Heinz Kroger McCormick & Company Mondelez International Monster Beverage PepsiCo Philip Morris International Procter & Gamble The J.M. Smucker Company Sysco Target Corporation Tyson Foods Walmart
Energy,APA Corporation Baker Hughes Chevron Corporation ConocoPhillips Devon Energy Diamondback Energy EOG Resources EQT Corporation Expand Energy ExxonMobil Halliburton Kinder Morgan Marathon Petroleum Occidental Petroleum Oneok Phillips 66 SLB Targa Resources Texas Pacific Land Corporation Valero Energy Williams Companies
Financials,"Aflac Allstate American Express American International Group Ameriprise Financial Aon Apollo Global Management Arch Capital Group Ares Management Arthur J. Gallagher & Co. Assurant Bank of America Berkshire Hathaway BlackRock Blackstone Inc. Block, Inc. BNY Brown & Brown Capital One Cboe Global Markets Charles Schwab Corporation Chubb Limited Cincinnati Financial Citigroup Citizens Financial Group CME Group Coinbase Corpay Erie Indemnity Everest Group FactSet FIS Fifth Third Bank Fiserv Franklin Resources Global Payments Globe Life Goldman Sachs The Hartford Huntington Bancshares Interactive Brokers Intercontinental Exchange Invesco Jack Henry & Associates JPMorgan Chase KeyBank KKR & Co. Loews Corporation M&T Bank Marsh McLennan Mastercard MetLife Moody's Corporation Morgan Stanley MSCI Nasdaq, Inc. Northern Trust PayPal PNC Financial Services Principal Financial Group Progressive Corporation Prudential Financial Raymond James Financial Regions Financial Corporation Robinhood Markets S&P Global State Street Corporation Synchrony Financial T. Rowe Price The Travelers Companies Truist U.S. Bancorp Visa Inc. W. R. Berkley Corporation Wells Fargo Willis Towers Watson"
Health Care,"Abbott Laboratories AbbVie Agilent Technologies Align Technology Amgen Baxter International Becton Dickinson Bio-Techne Biogen Boston Scientific Bristol Myers Squibb Cardinal Health Cencora Centene Corporation Charles River Laboratories The Cigna Group Cooper Companies CVS Health Danaher Corporation DaVita Dexcom Edwards Lifesciences Elevance Health GE HealthCare Gilead Sciences HCA Healthcare Henry Schein Humana Idexx Laboratories Illumina, Inc. Incyte Insulet Intuitive Surgical IQVIA Johnson & Johnson Labcorp Eli Lilly and Company McKesson Corporation Medtronic Merck & Co. Mettler Toledo Moderna Pfizer Quest Diagnostics Regeneron Pharmaceuticals ResMed Revvity Solventum Steris Stryker Corporation Thermo Fisher Scientific UnitedHealth Group Universal Health Services Veeva Systems Vertex Pharmaceuticals Viatris Waters Corporation West Pharmaceutical Services Zimmer Biomet Zoetis"
Industrials,"3M A. O. Smith Allegion Ametek Automatic Data Processing Axon Enterprise Bloom Energy Boeing Broadridge Financial Solutions C.H. Robinson Carrier Global Caterpillar Inc. Cintas Comfort Systems USA Copart CSX Corporation Cummins Deere & Company Delta Air Lines Dover Corporation Eaton Corporation Emcor Emerson Electric Equifax Expeditors International Fastenal FedEx FedEx Freight Ferguson Enterprises Fortive GE Aerospace GE Vernova Generac General Dynamics Honeywell Aerospace Honeywell Technologies Howmet Aerospace Hubbell Incorporated Huntington Ingalls Industries IDEX Corporation Illinois Tool Works Ingersoll Rand J. B. Hunt Jacobs Solutions Johnson Controls L3Harris Leidos Lennox International Lockheed Martin Masco Nordson Corporation Norfolk Southern Railway Northrop Grumman Old Dominion Freight Line Otis Worldwide Paccar Parker Hannifin Paychex Pentair Quanta Services RTX Corporation Republic Services Rockwell Automation Rollins, Inc. Snap-on Southwest Airlines Stanley Black & Decker Textron Trane Technologies TransDigm Group Uber Union Pacific Corporation United Airlines United Parcel Service United Rentals Veralto Verisk Analytics Vertiv W. W. Grainger Wabtec Waste Management, Inc. Xylem Inc."
Information technology,"Accenture Adobe Inc. Akamai Technologies AMD Amphenol Analog Devices Apple Inc. Applied Materials AppLovin Arista Networks Autodesk Broadcom Cadence Design Systems CDW Ciena Cisco Cognizant Coherent Corp. Corning Inc. CrowdStrike Datadog Dell Technologies Everpure F5, Inc. FICO First Solar Flex Ltd. Fortinet Gartner Gen Digital GoDaddy Hewlett Packard Enterprise HP Inc. IBM Intel Intuit Jabil Keysight KLA Corporation Lam Research Lumentum Marvell Technology Microchip Technology Micron Technology Microsoft Monolithic Power Systems Motorola Solutions NetApp Nvidia NXP Semiconductors onsemi Oracle Corporation Palantir Palo Alto Networks PTC Inc. Qualcomm Qnity Electronics Roper Technologies Salesforce Sandisk Seagate Technology ServiceNow Skyworks Solutions Supermicro Synopsys TE Connectivity Teledyne Technologies Teradyne Texas Instruments Trimble Inc. Tyler Technologies Verisign Western Digital Workday, Inc. Zebra Technologies"
Materials,Air Products Albemarle Corporation Amcor Avery Dennison Ball Corporation CF Industries Corteva CRH plc Dow Chemical Company DuPont Ecolab Freeport-McMoRan International Flavors & Fragrances International Paper Linde plc LyondellBasell Martin Marietta Materials Newmont Nucor Packaging Corporation of America PPG Industries Sherwin-Williams Smurfit Westrock Steel Dynamics Vulcan Materials Company
Real estate,"Alexandria Real Estate Equities American Tower BXP, Inc. Camden Property Trust CBRE Group CoStar Group Crown Castle Digital Realty Equinix Essex Property Trust Extra Space Storage Federal Realty Investment Trust Healthpeak Properties Host Hotels & Resorts Invitation Homes Iron Mountain Kimco Realty Mid-America Apartment Communities Prologis Public Storage Realty Income Regency Centers SBA Communications Simon Property Group UDR, Inc. Ventas Vici Properties Vivmark Residential Welltower Weyerhaeuser"
Utilities,AES Corporation Alliant Energy Ameren American Electric Power American Water Works Atmos Energy CenterPoint Energy CMS Energy Consolidated Edison Constellation Energy Dominion Energy DTE Energy Duke Energy Edison International Entergy Evergy Eversource Energy Exelon FirstEnergy NextEra Energy NiSource NRG Energy Pacific Gas and Electric Company Pinnacle West Capital PPL Corporation Public Service Enterprise Group Sempra Southern Company Vistra Corp. WEC Energy Group Xcel Energy
