ticker,date,ratio
AAON,1993-09-16,0.25
AAON,1995-03-07,1.1
AAON,2001-10-01,1.5
AAON,2002-06-05,1.5
AAON,2007-08-22,1.5
AAON,2011-06-14,1.5
AAON,2013-07-03,1.5
AAON,2014-07-17,1.5
AAON,2023-08-17,1.5
AAP,2004-01-05,2.0
AAP,2005-09-26,1.5
AAUC,2025-05-22,0.3333333333333333
AB,1993-03-16,2.0
AB,1998-04-03,2.0
ABCB,1995-08-01,1.3333333333333333
ABCB,1997-05-01,1.25
ABCB,1999-12-13,1.2
ABCB,2005-03-11,1.2
ABCB,2009-09-28,1.0076923076923077
ABCB,2009-12-29,1.0076923076923077
ABCB,2010-03-29,1.0076923076923077
ABCB,2010-06-28,1.0047619047619047
ABEO,1992-04-16,0.5
ABEO,1998-06-18,0.05
ABEO,2006-06-05,0.2
ABEO,2014-10-24,0.02
ABEO,2022-07-05,0.04
ABM,1983-02-04,1.5
ABM,1989-04-10,1.25
ABM,1992-07-31,2.0
ABM,1996-08-06,2.0
ABM,2002-05-07,2.0
ABTC,2022-11-08,0.05
ABTC,2024-02-09,0.05
ABTC,2025-09-03,0.2
ABTC,2026-07-06,0.06666666666666667
ABUS,2010-11-04,0.2
ACB,2020-05-11,0.08333333333333333
ACB,2024-02-20,0.1
ACHC,2011-11-01,0.25
ACHV,2008-08-21,0.05555555555555555
ACHV,2017-08-03,0.09090909090909091
ACHV,2018-05-24,0.1
ACHV,2020-07-31,0.05
ACIW,1996-07-02,2.0
ACIW,2014-07-11,3.0
ACLS,2016-07-01,0.25
ACMR,2022-03-24,3.0
ACNB,1995-01-03,2.0
ACNB,2006-11-29,1.05
ACNB,2007-11-28,1.05
ADAM,2007-10-09,0.2
ADAM,2008-05-29,0.5
ADAM,2023-03-09,0.25
ADTN,1995-05-15,2.0
ADTN,2003-12-16,2.0
ADV,2026-03-27,0.04
AEO,1998-01-06,1.5
AEO,1998-05-11,1.5
AEO,1999-05-04,2.0
AEO,2001-02-26,1.5
AEO,2005-03-08,2.0
AEO,2006-12-19,1.5
AEVA,2024-03-19,0.2
AGEN,2011-10-03,0.16666666666666666
AGEN,2023-04-26,1.019
AGEN,2024-04-12,0.05
AGL,2026-03-31,0.04
AGM,1999-08-02,3.0
AGNT,2021-02-16,2.0
AGX,2001-10-09,0.06666666666666667
AGYS,1980-06-03,1.5
AGYS,1984-08-02,2.0
AGYS,1993-03-16,1.5
AGYS,1994-08-02,1.5
AGYS,1995-09-07,1.5
AIN,1998-06-03,1.005
AIN,1998-09-02,1.005
AIN,1998-12-02,1.02
AIN,1999-12-08,1.02
AIR,1986-02-11,1.5
AIR,1987-10-27,1.5
AIR,1998-02-24,1.5
ALCO,1987-02-23,4.0
ALK,1980-11-17,1.05
ALK,1981-11-16,1.05
ALK,2012-03-19,2.0
ALK,2014-07-10,2.0
ALKS,2000-05-15,2.0
ALM,2025-07-07,0.6666666666666666
ALM,2025-07-08,0.6666666666666666
ALNT,1981-12-14,1.25
ALNT,1982-11-01,2.0
ALNT,1985-04-12,1.5
ALNT,2021-05-03,1.5
ALOY,2019-07-16,0.3333333333333333
ALOY,2023-04-11,0.25
ALRS,2004-04-12,2.0
ALRS,2014-09-15,3.0
ALTO,2011-06-08,0.14285714285714285
ALTO,2013-05-14,0.06666666666666667
AMC,2023-08-24,0.1
AMSC,1994-11-29,1.5
AMSC,2015-03-25,0.1
AMTB,2018-10-24,0.3333333333333333
AN,1996-06-10,2.0
ANAB,2026-04-20,1.5
ANF,1999-06-16,2.0
ANIP,2002-06-03,0.1
ANIP,2012-06-04,0.16666666666666666
ANIP,2013-07-18,0.16666666666666666
AORT,1996-07-01,2.0
AORT,2000-12-28,1.5
APOG,1977-11-03,1.5
APOG,1978-10-31,1.5
APOG,1979-10-30,1.25
APOG,1980-11-25,1.25
APOG,1981-11-24,1.3333333333333333
APOG,1982-11-29,1.25
APOG,1983-11-21,1.25
APOG,1986-09-15,1.3333333333333333
APOG,1997-02-18,2.0
APPS,2006-08-18,2.5
APPS,2013-04-15,0.2
ARCT,2017-11-16,0.14285714285714285
ARIS,2010-11-11,0.25
ARIS,2013-06-18,0.04
ARIS,2017-04-27,0.06666666666666667
ARLP,2005-09-16,2.0
ARLP,2014-06-17,2.0
AROW,1985-10-02,1.25
AROW,1986-06-02,2.0
AROW,1987-09-02,2.0
AROW,1996-10-09,1.1
AROW,1997-11-12,1.05
AROW,1998-07-30,1.1
AROW,1999-11-01,1.25
AROW,2001-10-31,1.05
AROW,2002-10-31,1.05
AROW,2003-09-30,1.25
AROW,2004-09-20,1.03
AROW,2005-09-20,1.03
AROW,2006-09-20,1.03
AROW,2007-09-19,1.03
AROW,2009-09-16,1.03
AROW,2010-09-17,1.03
AROW,2011-09-19,1.03
AROW,2012-09-17,1.02
AROW,2013-09-17,1.02
AROW,2014-09-17,1.02
AROW,2015-09-17,1.02
AROW,2017-09-19,1.03
AROW,2018-09-18,1.03
AROW,2019-09-16,1.03
AROW,2022-09-16,1.03
ARQQ,2024-09-25,0.04
ARR,2015-08-03,0.125
ARR,2023-10-02,0.2
ARTNA,2003-07-01,1.5
ARTNA,2006-07-03,1.5
ASB,1985-09-18,2.0
ASB,1987-05-12,1.1
ASB,1990-05-10,1.1
ASB,1993-08-16,1.1
ASB,1995-06-16,1.25
ASB,1997-03-03,1.2
ASB,1998-06-15,1.25
ASB,2000-05-30,1.1
ASB,2002-04-25,1.1
ASB,2004-05-13,1.5
ASH,1988-07-29,2.0
ASH,2000-03-30,1.0565240359218173
ASH,2005-07-01,1.2177301509985388
ASH,2017-05-15,2.044
ASMB,2014-07-14,0.2
ASMB,2024-02-12,0.08333333333333333
ASST,2024-07-02,0.2
ASST,2026-02-06,0.05
ASTE,1993-09-13,2.0
ASTE,1999-01-19,2.0
ASTH,2015-04-27,0.1
ASYS,1988-04-27,0.05
ASYS,1993-06-07,0.5
ASYS,1996-04-16,2.0
ASYS,1999-03-16,0.5
ATEC,2016-08-25,0.08333333333333333
ATLO,2005-07-18,3.0
ATNI,2006-04-03,2.5
ATRO,1983-06-13,1.25
ATRO,1984-05-29,1.25
ATRO,1985-05-28,1.25
ATRO,1986-05-27,1.25
ATRO,1987-05-26,1.25
ATRO,1996-10-01,1.25
ATRO,1998-10-14,1.1
ATRO,2012-10-25,1.15
ATRO,2013-10-08,1.249
ATRO,2014-09-03,1.202
ATRO,2015-10-06,1.15
ATRO,2016-10-06,1.15
ATRO,2018-10-11,1.182
ATRO,2026-06-15,1.253
AUB,1998-06-02,2.0
AUB,2006-10-16,1.5
AUDC,2000-10-10,2.0
AVA,1993-11-10,2.0
AVNW,1997-11-25,2.0
AVNW,2016-06-14,0.08333333333333333
AVNW,2021-04-08,2.0
AVTX,2022-07-08,0.08333333333333333
AVTX,2023-12-29,0.004166666666666667
AWR,1993-10-06,2.0
AWR,2002-06-10,1.5
AWR,2013-09-04,2.0
AX,2015-11-18,4.0
AXGN,1992-07-10,1.05
AXGN,1993-07-12,1.05
AXGN,1994-07-11,1.05
AYA,2018-03-02,0.25
AZ,2021-08-20,0.3333333333333333
AZ,2024-10-08,0.4
AZZ,1980-05-05,1.25
AZZ,1981-05-04,1.3333333333333333
AZZ,1990-08-31,1.05
AZZ,1991-08-30,1.05
AZZ,2007-05-07,2.0
AZZ,2012-07-31,2.0
BANF,1992-06-15,1.5
BANF,2006-03-02,2.0
BANF,2017-08-01,2.0
BANR,1998-08-06,1.1
BANR,2000-10-27,1.1
BANR,2011-06-01,0.14285714285714285
BB,2004-06-07,2.0
BB,2007-08-21,3.0
BBSI,1994-05-24,2.0
BBSI,2005-05-20,1.5
BBSI,2024-06-24,4.0
BBWI,1986-06-24,1.5
BBWI,1990-06-20,2.0
BBWI,1998-06-02,1.0176045588684237
BBWI,2000-05-31,2.0
BBWI,2021-08-03,1.237
BC,1983-11-16,2.0
BC,1986-02-18,2.0
BC,1987-06-10,2.0
BCPC,1990-12-31,1.25
BCPC,1991-12-30,1.3333333333333333
BCPC,1994-10-04,1.5
BCPC,1998-06-04,1.5
BCPC,2005-01-21,1.5
BCPC,2006-01-23,1.5
BCPC,2007-01-22,1.5
BCPC,2010-01-21,1.5
BCSF,2020-05-12,1.019
BDC,1996-01-02,1.5
BDC,1998-01-12,1.5
BDC,2000-08-22,1.5
BDC,2004-07-16,0.5
BDSX,2025-09-15,0.05
BELFA,1984-07-11,2.0
BELFA,1999-12-02,2.0
BELFB,1999-12-02,2.0
BEPC,2020-12-14,1.5
BFH,2021-11-08,1.253
BGC,2018-12-03,1.555
BH,1992-12-24,1.1
BH,1994-01-04,1.1
BH,1994-12-29,1.1
BH,1995-12-20,1.1
BH,1997-01-02,1.1
BH,1997-12-29,1.25
BH,1998-12-29,1.25
BH,1999-12-27,1.1
BH,2009-12-21,0.05
BH,2013-08-23,1.077
BH,2014-08-15,1.077
BH,2018-05-01,1.5
BHB,1999-01-26,2.0
BHB,2014-05-20,1.5
BHB,2017-03-22,1.5
BHC,1996-01-17,3.0
BHC,2000-01-20,2.0
BHC,2000-10-16,2.0
BHE,1997-08-15,2.0
BHE,2003-11-14,1.5
BHE,2006-04-04,1.5
BHRB,2022-11-15,40.0
BIPC,2022-06-13,1.5
BKE,1997-04-25,2.0
BKE,1998-06-09,1.5
BKE,2007-01-16,1.5
BKE,2008-10-31,1.5
BKE,2014-01-13,1.0241
BKH,1976-02-02,2.0
BKH,1983-06-01,2.0
BKH,1986-03-03,2.0
BKH,1992-03-03,1.5
BKH,1998-03-11,1.5
BKKT,2024-04-29,0.04
BKSY,2024-09-09,0.125
BKTI,1981-03-02,1.5
BKTI,1983-09-16,2.0
BKTI,1991-06-14,0.16666666666666666
BKTI,2023-04-24,0.2
BLFS,2000-06-16,0.2
BLFS,2014-01-29,0.07142857142857142
BMI,1997-04-21,2.0
BMI,2004-12-13,2.0
BMI,2006-06-16,2.0
BMI,2016-09-16,2.0
BMRC,2000-04-19,1.05
BMRC,2001-04-19,1.05
BMRC,2002-04-18,1.05
BMRC,2003-04-16,1.05
BMRC,2004-05-25,1.5
BMRC,2005-04-18,1.05
BMRC,2006-04-20,1.05
BMRC,2018-11-28,2.0
BNED,2024-06-12,0.01
BNTC,2015-06-16,0.25
BNTC,2019-11-18,0.1
BNTC,2020-04-15,0.6666666666666666
BNTC,2023-07-26,0.058823529411764705
BOH,1988-11-17,1.5
BOH,1990-04-06,1.1
BOH,1991-09-16,1.5
BOH,1994-03-16,1.5
BOH,1997-12-15,2.0
BORR,2021-12-14,0.5
BRBS,2017-08-14,1.5
BRBS,2021-05-03,1.5
BRC,1986-11-03,2.0
BRC,1995-12-18,3.0
BRC,2005-01-03,2.0
BRSL,1990-07-16,2.0
BRSL,1991-08-23,2.0
BRSL,1992-03-25,2.0
BRSL,1993-03-18,2.0
BRSL,2003-07-03,4.0
BRT,1986-08-25,0.3333333333333333
BSRR,1994-07-18,3.0
BSRR,1996-10-07,2.0
BSRR,1997-11-17,2.0
BUSE,2004-08-04,1.5
BUSE,2015-09-08,0.3333333333333333
BW,2019-07-24,0.1
BXC,2016-06-14,0.1
BXMT,2003-04-03,0.3333333333333333
BXMT,2013-05-07,0.1
BZH,2005-03-23,3.0
BZH,2012-10-12,0.2
CAAP,2018-02-02,1.004
CAC,1998-12-07,3.0
CAC,2016-10-03,1.5
CACC,1993-03-18,2.0
CACC,1993-12-27,1.5
CACC,1994-12-21,2.0
CAKE,1994-03-16,1.5
CAKE,1998-04-02,1.5
CAKE,2000-06-09,1.5
CAKE,2001-06-19,1.5
CAKE,2004-12-09,1.5
CAL,1981-07-02,1.5
CAL,1983-07-01,2.0
CAL,2006-04-04,1.5
CAL,2007-04-03,1.5
CALM,2004-04-26,2.0
CALM,2014-11-03,2.0
CALY,1993-03-22,2.0
CALY,1994-03-04,2.0
CALY,1995-03-13,2.0
CAPR,2013-11-21,0.02
CAPR,2019-06-05,0.1
CAR,1985-03-19,1.5
CAR,1986-07-21,1.5
CAR,1991-03-01,1.5
CAR,1992-07-06,1.5
CAR,1993-05-03,1.5
CAR,1995-07-03,1.5
CAR,1996-10-22,1.5
CAR,2006-08-01,6.25
CAR,2006-09-05,0.1
CASH,1997-01-03,1.5
CASH,2018-10-05,3.0
CASS,1997-03-17,2.0
CASS,2002-12-03,1.05
CASS,2004-03-03,1.1
CASS,2005-09-16,1.5
CASS,2006-09-18,1.5
CASS,2007-11-29,1.1
CASS,2012-12-03,1.1
CASS,2017-12-04,1.1
CASS,2018-12-03,1.2
CATY,1992-04-27,1.2
CATY,2002-05-10,2.0
CATY,2004-09-29,2.0
CBAN,1999-04-16,2.0
CBAN,2003-09-16,1.25
CBAN,2005-05-17,1.25
CBIO,2025-06-16,0.01
CBRL,1983-07-01,1.5
CBRL,1987-03-27,1.5
CBRL,1989-02-14,1.5
CBRL,1990-04-03,1.5
CBRL,1991-03-25,1.5
CBRL,1992-03-23,1.5
CBRL,1993-03-22,1.5
CBT,1980-11-05,3.0
CBT,1994-08-18,2.0
CBT,1996-03-25,2.0
CBU,1986-05-16,2.0
CBU,1997-03-13,2.0
CBU,2004-04-13,2.0
CBZ,1996-07-01,2.0
CCBG,1997-04-02,2.0
CCBG,1998-06-02,1.5
CCBG,2003-06-16,1.25
CCBG,2005-07-05,1.25
CCEC,2019-03-28,0.14285714285714285
CCNE,1998-05-01,2.0
CCNE,2004-05-24,2.5
CCOI,2005-03-24,0.05
CD,2018-07-31,0.1
CD,2020-05-19,0.5
CD,2023-02-28,0.9
CDZI,1992-05-26,0.2
CDZI,2003-12-18,0.04
CECO,1985-08-30,9.0
CECO,1992-09-29,0.2
CENT,2024-02-09,1.277
CENTA,2024-02-09,1.25
CFFI,1998-07-21,2.0
CFFN,2010-12-22,2.2637
CHCO,1987-10-02,1.5
CHCO,1989-01-03,1.5
CHCO,1994-12-23,1.1
CHCO,1995-10-30,1.1
CHCO,1996-10-30,1.1
CHDN,1998-04-15,2.0
CHDN,2019-01-28,3.0
CHDN,2023-05-22,2.0
CHH,2005-10-24,2.0
CHPT,2025-07-28,0.05
CHRN,2016-05-05,0.14285714285714285
CHRN,2020-03-25,0.06666666666666667
CHRN,2025-06-02,0.06666666666666667
CIGI,2004-12-13,2.0
CIGI,2015-06-02,1.709
CIM,2015-04-07,0.2
CIM,2024-05-22,0.3333333333333333
CIVB,1996-06-05,4.0
CLB,1997-12-22,2.0
CLB,2010-07-09,2.0
CLBK,2026-07-21,2.2
CLDX,2008-03-10,0.08333333333333333
CLDX,2019-02-11,0.06666666666666667
CLFD,1989-04-03,2.0
CLMB,2026-03-23,4.0
CLPT,2016-07-27,0.025
CLSK,2019-12-11,0.1
CLW,2011-08-29,2.0
CMCL,2013-04-12,0.1
CMCL,2017-06-27,0.2
CNMD,1994-12-28,1.5
CNMD,1995-12-01,1.5
CNMD,2001-09-10,1.5
CNOB,1996-06-03,1.5
CNOB,1997-05-14,1.05
CNOB,1998-06-01,1.5
CNOB,1999-05-14,1.05
CNOB,2001-05-16,1.05
CNOB,2002-05-15,1.05
CNOB,2003-06-03,2.0
CNOB,2005-05-26,1.05
CNOB,2007-04-27,1.05
CNX,2006-06-01,2.0
CNX,2017-11-29,1.2
CNXN,2000-05-24,1.5
COFS,2005-05-05,1.05
COFS,2017-05-08,1.05
COFS,2018-05-09,1.05
COGT,2020-11-09,0.25
COHU,1993-06-28,2.0
COHU,1995-06-08,2.0
COHU,1999-09-27,2.0
COLM,2001-06-05,1.5
COLM,2014-09-29,2.0
CPF,1988-05-26,2.0
CPF,1989-02-21,2.0
CPF,1997-11-17,2.0
CPF,2002-11-12,2.0
CPF,2011-02-03,0.05
CPK,1984-06-07,2.0
CPK,1986-10-06,1.5
CPK,1989-04-05,1.5
CPK,2014-09-09,1.5
CRD.A,1997-03-26,1.5
CRI,2006-06-07,2.0
CRK,1990-03-15,0.25
CRK,2016-08-01,0.2
CRMD,2019-03-26,0.2
CROX,2007-06-15,2.0
CRS,1977-09-22,2.0
CRS,1995-09-18,2.0
CRS,2007-11-16,2.0
CRVL,1999-06-15,2.0
CRVL,2001-09-04,1.5
CRVL,2006-12-11,1.5
CRVL,2013-06-27,2.0
CRVL,2024-12-26,3.0
CSR,2018-12-28,0.1
CSWC,1981-09-02,2.0
CSWC,1987-09-11,2.0
CSWC,2013-08-16,4.0
CSWC,2015-10-01,2.724
CTBI,1992-05-04,1.5
CTBI,1994-02-02,1.5
CTBI,1997-03-12,1.1
CTBI,1999-03-17,1.1
CTBI,2000-03-16,1.1
CTBI,2002-11-26,1.1
CTBI,2003-11-26,1.1
CTBI,2004-11-29,1.1
CTBI,2014-05-13,1.1
CTEV,2024-09-23,0.025
CTO,1986-03-25,2.0
CTO,1992-08-18,2.0
CTO,2020-11-18,1.228
CTO,2022-07-01,3.0
CTS,1997-11-25,3.0
CTS,1999-08-13,2.0
CUBI,2014-05-22,1.1
CUZ,1980-05-27,1.25
CUZ,1981-03-30,1.25
CUZ,1983-06-21,1.25
CUZ,1984-06-19,1.25
CUZ,1986-05-28,1.5
CUZ,1987-05-29,1.5
CUZ,2000-10-03,1.5
CUZ,2016-10-07,1.417
CUZ,2019-06-17,0.25
CVBF,1986-02-18,1.25
CVBF,1987-04-01,1.25
CVBF,1989-03-17,1.25
CVBF,1989-11-07,2.0
CVBF,1997-01-02,1.1
CVBF,1998-01-21,1.5
CVBF,1998-12-29,1.1
CVBF,2000-02-01,1.25
CVBF,2001-01-03,1.1
CVBF,2002-01-22,1.25
CVBF,2003-01-22,1.25
CVBF,2003-12-30,1.1
CVBF,2005-01-14,1.25
CVBF,2006-01-27,1.25
CVBF,2007-01-03,1.1
CVCO,2005-02-01,2.0
CVEO,2020-11-20,0.08333333333333333
CVLG,2025-01-01,2.0
CVLG,2025-01-02,2.0
CVSA,1995-06-22,2.0
CVSA,1996-12-19,2.0
CVSA,1998-06-22,2.0
CW,1997-12-24,2.0
CW,2003-12-18,2.0
CW,2006-04-24,2.0
CWBC,1999-06-11,1.1
CWBC,2003-01-21,2.0
CWBC,2005-11-01,2.0
CWT,1984-05-03,2.0
CWT,1987-11-02,2.0
CWT,1998-01-26,2.0
CWT,2011-06-13,2.0
CXT,1986-04-25,1.5
CXT,1987-05-22,1.5
CXT,1988-10-11,1.5
CXT,1989-10-02,1.5
CXT,1996-12-13,1.5
CXT,1998-09-15,1.5
CXT,2023-04-04,2.879
CXW,2001-05-18,0.1
CXW,2006-09-14,1.5
CXW,2007-07-09,2.0
CYPH,2023-06-21,0.1
CYRX,2010-02-05,0.1
CYRX,2015-05-19,0.08333333333333333
CZFS,2001-07-19,1.01
CZFS,2002-07-10,1.01
CZFS,2003-07-09,1.01
CZFS,2005-07-13,1.01
CZFS,2006-07-12,1.01
CZFS,2007-07-11,1.01
CZFS,2008-07-09,1.01
CZFS,2009-07-15,1.01
CZFS,2012-07-18,1.01
CZFS,2013-06-19,1.05
CZFS,2014-06-18,1.01
CZFS,2018-06-14,1.01
CZFS,2022-06-09,1.01
CZFS,2023-06-08,1.01
CZFS,2024-06-14,1.01
CZNC,1994-10-17,2.0
CZNC,1998-11-25,1.01
CZNC,2000-11-22,1.01
CZNC,2002-01-02,1.01
CZNC,2002-12-26,1.01
CZNC,2003-04-22,1.5
CZNC,2003-12-24,1.01
CZNC,2005-12-27,1.01
CZNC,2006-12-28,1.01
CZNC,2007-12-28,1.01
DAC,2019-05-02,0.07142857142857142
DAKT,2000-01-10,2.0
DAKT,2001-06-25,2.0
DAKT,2006-06-23,2.0
DAVE,2023-01-06,0.03125
DBI,2013-11-04,2.0
DCO,1981-02-06,1.2
DCO,1988-03-25,2.597
DCO,1998-06-11,1.5
DCOM,2004-07-26,1.5
DCTH,2019-12-24,0.0014285714285714286
DDD,1995-05-24,0.3333333333333333
DDD,2011-05-19,2.0
DDD,2013-02-25,1.5
DEA,2025-04-28,0.4
DFTX,2022-08-29,0.06666666666666667
DGICA,2005-03-29,1.3333333333333333
DGICA,2006-04-27,1.3333333333333333
DGICB,1997-07-16,1.3333333333333333
DGICB,1998-06-26,1.3333333333333333
DGICB,2005-03-29,1.3333333333333333
DGICB,2006-04-27,1.3333333333333333
DGII,1991-03-04,2.0
DGII,1992-04-01,1.5
DHT,2012-07-17,0.08333333333333333
DIN,1999-05-28,2.0
DIOD,2000-07-17,1.5
DIOD,2003-11-26,1.5
DIOD,2005-12-01,1.5
DIOD,2007-07-31,1.5
DLX,1981-09-21,2.0
DLX,1985-03-15,2.0
DLX,1986-09-15,2.0
DLX,2001-01-02,1.2507817385866167
DMAC,2018-11-15,0.05
DMRA,2024-08-30,0.04
DNA,2024-08-20,0.025
DORM,2005-03-29,2.0
DORM,2012-06-18,2.0
DRUG,2023-07-14,0.2
DSGR,1981-06-26,1.5
DSGR,1984-02-16,1.5
DSGR,1986-05-08,1.5
DSGR,1988-04-19,1.5
DSGR,2023-09-01,2.0
DX,1997-05-27,2.0
DX,1999-08-02,0.25
DX,2019-06-21,0.3333333333333333
DXC,1994-01-13,3.0
DXC,1998-03-24,2.0
DXC,2015-11-30,1.7412
DXC,2018-06-01,1.156
DXPE,1998-07-20,0.5
DXPE,2008-10-01,2.0
EBF,1983-07-12,2.0
EBF,1985-07-18,2.0
EBF,1987-03-23,1.5
EBF,1989-07-25,1.5
EBF,1991-08-01,1.5
EFOR,1997-10-21,2.0
EFOR,2000-04-04,2.0
EGBN,2000-04-03,1.25
EGBN,2001-06-18,1.4
EGBN,2005-03-01,1.3
EGBN,2006-07-06,1.3
EGBN,2008-09-16,1.1
EGBN,2013-05-29,1.1
ELE,2025-09-16,0.1
ELVA,2023-06-16,0.2
ENOV,2022-04-05,0.581
EPAC,2001-01-25,0.2
EPAC,2003-10-22,2.0
EPAC,2007-11-09,2.0
EPC,2015-07-01,1.349
ESCA,1994-03-07,1.15
ESCA,2002-04-01,3.0
ESCA,2004-05-26,2.0
ESE,2005-09-26,2.0
ESEA,2006-10-06,0.3333333333333333
ESEA,2015-07-23,0.1
ESEA,2019-12-19,0.125
ETD,1997-09-03,2.0
ETD,1999-05-24,1.5
EXLS,2023-08-02,5.0
EXP,2006-02-27,3.0
EXPO,2006-06-12,2.0
EXPO,2015-06-05,2.0
EXPO,2018-06-08,2.0
EXTR,2000-08-25,2.0
EYPT,2008-06-11,0.25
EYPT,2020-12-09,0.1
EZPW,2006-12-12,3.0
FBIN,2022-12-15,1.17
FBIZ,2015-08-31,2.0
FBNC,1996-09-16,2.0
FBNC,1999-09-14,1.5
FBNC,2004-11-16,1.5
FBP,1993-03-01,1.5
FBP,1993-11-16,1.5
FBP,1995-06-12,1.5
FBP,1998-06-01,2.0
FBP,2002-10-01,1.5
FBP,2005-07-01,2.0
FBP,2011-01-07,0.06666666666666667
FBYD,2024-12-10,1.2
FCBC,1997-04-03,1.25
FCBC,1998-04-13,1.25
FCBC,1999-04-12,1.25
FCBC,2002-02-27,1.1
FCBC,2003-07-30,1.1
FCCO,2001-05-29,1.05
FCCO,2002-03-01,1.25
FCEL,1999-11-17,1.5
FCEL,2000-09-14,2.0
FCEL,2001-06-20,2.0
FCEL,2015-12-04,0.08333333333333333
FCEL,2019-05-09,0.08333333333333333
FCEL,2024-11-11,0.03333333333333333
FCF,1994-02-11,2.0
FCF,1999-11-19,2.0
FCN,2002-01-17,1.5
FCN,2003-06-05,1.5
FDBC,2000-07-13,2.0
FDBC,2006-01-26,1.1
FDBC,2017-09-29,1.5
FEIM,1980-09-29,1.5
FEIM,1981-04-14,2.0
FEIM,1986-05-27,1.5
FEIM,1997-12-02,1.5
FELE,2002-03-25,2.0
FELE,2004-06-16,2.0
FELE,2013-03-19,2.0
FET,2020-11-10,0.05
FFBC,1986-10-02,1.3333333333333333
FFBC,1987-10-02,1.5
FFBC,1994-01-04,1.3333333333333333
FFBC,1994-12-02,1.25
FFBC,1996-10-02,1.1
FFBC,1997-09-03,1.1
FFBC,1998-06-02,2.0
FFBC,1998-12-02,1.1
FFBC,1999-12-01,1.1
FFBC,2001-03-07,1.05
FFIN,1994-06-02,1.25
FFIN,1995-09-13,1.25
FFIN,1996-06-04,1.25
FFIN,1997-06-03,1.25
FFIN,1998-11-12,1.1
FFIN,2001-06-04,1.25
FFIN,2003-06-03,1.25
FFIN,2005-06-02,1.3333333333333333
FFIN,2011-06-02,1.5
FFIN,2014-06-03,2.0
FFIN,2019-06-04,2.0
FHI,2000-07-18,1.5
FIZZ,1994-11-10,4.0
FIZZ,1996-10-28,2.0
FIZZ,2004-03-23,2.0
FIZZ,2007-05-31,1.2
FIZZ,2021-02-22,2.0
FLG,1994-10-03,1.5
FLG,1996-08-23,1.3333333333333333
FLG,1997-04-11,1.5
FLG,1997-10-02,1.5
FLG,1998-09-30,1.5
FLG,2001-03-30,1.5
FLG,2001-09-21,1.5
FLG,2003-05-22,1.3333333333333333
FLG,2004-02-18,1.3333333333333333
FLG,2024-07-12,0.3333333333333333
FLO,1982-06-03,1.5
FLO,1983-04-05,1.5
FLO,1984-10-18,1.5
FLO,1987-11-30,1.5
FLO,1995-11-20,1.5
FLO,1997-05-05,1.5
FLO,2002-01-03,1.5
FLO,2003-06-30,1.5
FLO,2005-07-05,1.5
FLO,2007-07-02,1.5
FLO,2011-06-27,1.5
FLO,2013-06-20,1.5
FLXS,1983-05-19,2.0
FLXS,1987-12-08,1.5
FMAO,2006-05-15,4.0
FMAO,2017-09-21,2.0
FMBH,2001-11-19,1.5
FMBH,2004-07-19,1.5
FMBH,2007-07-02,1.5
FMC,1986-05-29,5.0
FMC,2007-09-14,2.0
FMC,2012-05-25,2.0
FMC,2019-03-04,1.153
FMNB,1999-10-04,2.0
FMNB,1999-11-12,1.02
FMNB,2000-08-18,1.02
FMNB,2001-11-14,1.02
FMNB,2002-11-13,1.02
FMNB,2003-11-12,1.02
FMNB,2004-11-09,1.02
FNLC,2004-06-02,3.0
FNRN,1999-02-24,1.05
FNRN,2000-02-25,1.06
FNRN,2001-02-26,1.06
FNRN,2002-02-26,1.06
FNRN,2003-02-26,1.06
FNRN,2004-02-25,1.06
FNRN,2005-02-24,1.06
FNRN,2005-05-12,2.0
FNRN,2006-02-24,1.06
FNRN,2007-02-27,1.06
FNRN,2008-02-27,1.06
FNRN,2009-02-25,1.04
FNRN,2012-02-27,1.01
FNRN,2013-02-28,1.02
FNRN,2014-02-26,1.03
FNRN,2015-02-25,1.04
FNRN,2018-02-27,1.04
FNRN,2022-02-25,1.05
FNRN,2023-02-27,1.05
FNRN,2024-02-28,1.05
FNRN,2025-02-28,1.05
FNRN,2026-02-27,1.05
FOSL,1998-04-09,1.5
FOSL,1999-08-18,1.5
FOSL,2002-06-10,1.5
FOSL,2004-04-12,1.5
FRAF,1996-01-02,1.5
FRAF,1998-02-04,1.5
FRAF,2004-06-29,1.25
FRD,1980-03-28,1.1
FRD,1981-04-06,1.15
FRD,1982-04-02,1.1
FRD,1984-04-02,1.05
FRD,1985-03-29,1.05
FRD,1986-03-31,1.05
FRD,1987-10-06,1.05
FRD,1988-04-04,1.05
FRD,1989-04-03,1.05
FRD,1991-04-08,1.05
FRD,1992-04-06,1.05
FRD,1993-04-02,1.05
FRD,1994-04-11,1.05
FRD,1995-04-17,1.05
FRD,1996-04-24,1.05
FRD,1997-04-23,1.05
FRD,1998-04-29,1.05
FRD,1999-04-28,1.05
FRD,2000-04-26,1.05
FRME,1993-01-26,1.5
FRME,1995-10-30,1.5
FRME,1998-10-26,1.5
FRME,2001-08-29,1.05
FRME,2002-08-28,1.05
FRME,2003-08-27,1.05
FRPH,2011-01-18,3.0
FRPH,2024-04-15,2.0
FRST,2007-04-30,1.1
FSBW,2021-07-15,2.0
FSK,2020-06-16,0.25
FSS,1981-03-02,1.25
FSS,1982-03-01,1.25
FSS,1983-01-26,1.1
FSS,1988-02-08,1.1
FSS,1989-02-08,1.1
FSS,1990-03-02,1.5
FSS,1991-03-04,1.5
FSS,1992-04-10,1.5
FSS,1994-03-02,1.3333333333333333
FTH,2025-06-17,0.05
FTK,2007-07-12,2.0
FTK,2023-09-26,0.16666666666666666
FUBO,2026-03-24,0.08333333333333333
FUL,1977-04-29,2.0
FUL,1984-06-18,2.0
FUL,1992-06-02,1.5
FUL,2001-11-19,2.0
FUL,2006-08-07,2.0
FULT,1986-06-03,2.0
FULT,1994-06-01,1.25
FULT,1997-05-21,1.1
FULT,1998-05-28,1.25
FULT,1999-05-06,1.1
FULT,2000-05-04,1.05
FULT,2001-04-30,1.05
FULT,2002-05-21,1.25
FULT,2003-04-28,1.05
FULT,2004-05-12,1.05
FULT,2005-06-09,1.25
FULT,2006-05-17,1.05
FUN,1997-11-18,2.0
FUNC,1993-06-16,2.0
FUNC,1994-02-09,1.5
FUNC,1996-03-13,1.05
FVCB,2016-07-01,1.25
FVCB,2017-09-26,1.25
FVCB,2017-09-29,1.5
FVCB,2023-02-01,1.25
FWDI,1996-02-01,2.0
FWDI,1997-12-24,0.5
FWDI,2024-06-18,0.1
FWRD,1999-03-22,2.0
FWRD,2000-01-31,1.5
FWRD,2005-04-04,1.5
FXHO,2024-09-11,0.04
FXHO,2025-03-31,0.1
FXHO,2025-11-21,0.01
FXHO,2026-02-17,0.2
FXHO,2026-06-22,0.1
FXNC,2003-06-02,2.0
FXNC,2005-05-02,2.0
GABC,1993-09-13,1.5
GABC,1995-11-21,1.05
GABC,1996-11-06,1.05
GABC,1997-11-03,2.0
GABC,1997-11-25,1.05
GABC,1998-11-25,1.05
GABC,1999-11-26,1.05
GABC,2000-11-28,1.05
GABC,2001-11-28,1.05
GABC,2002-11-26,1.05
GABC,2003-11-26,1.05
GABC,2017-04-24,1.5
GALT,2012-03-23,0.16666666666666666
GBCI,1986-01-22,1.5
GBCI,1986-07-31,1.5
GBCI,1989-12-01,1.5
GBCI,1992-04-29,1.1
GBCI,1993-04-30,1.1
GBCI,1994-05-09,1.1
GBCI,1995-05-10,1.1
GBCI,1996-05-07,1.1
GBCI,1997-05-27,1.5
GBCI,1998-09-15,1.1
GBCI,1999-05-14,1.1
GBCI,2000-05-12,1.1
GBCI,2003-05-09,1.1
GBCI,2004-05-21,1.25
GBCI,2005-05-27,1.25
GBCI,2006-12-15,1.5
GBDC,2020-04-13,1.021
GCBC,1999-07-22,1.1
GCBC,2005-06-01,2.0
GCBC,2016-03-16,2.0
GCBC,2023-03-24,2.0
GEF,2007-04-12,2.0
GEF.B,2007-04-12,2.0
GEO,1996-06-04,2.0
GEO,2006-10-02,1.5
GEO,2007-06-01,2.0
GEO,2017-04-25,1.5
GFF,1981-08-11,0.1
GFF,2001-08-16,1.1
GHC,1976-12-20,2.0
GHC,1979-01-08,2.0
GHC,2015-07-01,1.655
GHM,1996-08-26,1.5
GHM,2005-10-04,2.0
GHM,2008-01-03,1.25
GHM,2008-10-07,2.0
GIII,2006-03-28,1.5
GIII,2015-05-04,2.0
GILT,2003-04-16,0.05
GLAD,2024-04-05,0.5
GNK,2016-07-08,0.1
GNL,2017-03-01,0.3333333333333333
GNTX,1993-06-21,2.0
GNTX,1996-06-24,2.0
GNTX,1998-06-22,2.0
GNTX,2005-05-09,2.0
GNTX,2015-01-02,2.0
GOLD,2022-06-07,2.0
GORO,2026-07-10,0.25
GPGI,2025-02-28,1.204
GPK,1995-09-19,2.0
GPK,2000-01-03,1.8
GRBK,2012-06-15,0.05
GRBK,2014-09-24,1.532
GRC,1981-05-06,1.5
GRC,1985-05-03,1.5
GRC,1992-07-13,1.5
GRC,1994-10-28,1.5
GRC,2004-09-13,1.25
GRC,2006-12-11,1.25
GRC,2007-12-11,1.25
GRC,2011-06-13,1.25
GRC,2013-12-11,1.25
GRNT,2021-03-26,2.499
GRPN,2020-06-11,0.05
GRRR,2024-04-15,0.1
GSBC,1994-07-26,3.0
GSBC,1996-10-22,2.0
GSBC,2004-06-02,2.0
GSL,2019-03-25,0.125
GT,1969-05-07,2.0
GT,1993-05-05,2.0
GTE,2023-05-05,0.1
GTY,1978-01-06,1.05
GTY,1978-06-30,1.05
GTY,1979-01-08,1.05
GTY,1979-07-02,1.5
GTY,1980-04-01,1.5
GTY,1980-10-02,1.05
GTY,1981-04-01,1.05
GTY,1981-10-02,1.05
GTY,1982-04-01,1.05
GTY,1982-10-05,1.05
GTY,1983-04-05,1.05
GTY,1983-10-03,1.05
GTY,1984-04-02,1.05
GTY,1984-09-27,1.05
GTY,1985-04-25,1.3333333333333333
GTY,1985-09-27,1.05
GTY,1986-04-22,1.3333333333333333
GTY,1986-09-29,1.05
GTY,1987-04-06,1.05
GTY,1988-09-28,1.05
GTY,1989-04-10,1.05
GTY,1989-09-27,1.05
GTY,1990-04-06,1.05
GTY,1997-04-01,1.3225763787858749
GVA,1996-04-22,1.5
GVA,1998-08-10,1.5
GVA,2001-04-16,1.5
GYRE,2015-08-21,0.14285714285714285
GYRE,2017-02-13,0.06666666666666667
GYRE,2023-10-31,0.06666666666666667
HAE,1993-01-11,2.0
HAE,2012-12-03,2.0
HAFC,1998-03-18,1.09
HAFC,1999-04-22,1.11
HAFC,2000-02-28,1.1
HAFC,2001-03-12,1.12
HAFC,2001-09-24,1.5
HAFC,2002-03-05,1.09
HAFC,2005-02-16,2.0
HAFC,2011-12-19,0.125
HAPN,2019-07-08,0.2
HBNC,2003-11-18,1.5
HBNC,2011-12-12,1.5
HBNC,2012-11-13,1.5
HBNC,2016-11-15,1.5
HBNC,2018-06-18,1.5
HCSG,1984-10-29,1.5
HCSG,1985-04-10,1.5
HCSG,1991-11-18,1.5
HCSG,1998-08-28,1.5
HCSG,2004-03-02,1.5
HCSG,2005-05-03,1.5
HCSG,2007-08-13,1.5
HCSG,2010-11-15,1.5
HE,1984-05-24,2.0
HE,2004-06-14,2.0
HELE,1983-09-27,2.0
HELE,1992-10-02,1.5
HELE,1996-07-02,2.0
HELE,1997-09-23,2.0
HHH,2024-08-01,1.049
HIFS,1998-10-06,1.5
HIPO,2022-09-30,0.04
HLF,2011-05-18,2.0
HLF,2018-05-15,2.0
HLIO,2005-07-18,1.5
HLIO,2007-07-17,1.5
HLIO,2011-07-18,1.5
HLIT,1999-10-15,2.0
HMN,1997-12-16,2.0
HNI,1987-06-29,2.0
HNI,1990-07-03,2.0
HNI,1998-03-30,2.0
HNRG,1996-06-04,0.1
HOG,1990-06-18,2.0
HOG,1992-06-29,2.0
HOG,1994-09-13,2.0
HOG,1997-09-29,2.0
HOG,2000-04-10,2.0
HOMB,2008-08-11,1.08
HOMB,2010-05-12,1.1
HOMB,2013-06-13,2.0
HOMB,2016-06-09,2.0
HOPE,1999-05-06,1.08
HOPE,2000-04-12,1.08
HOPE,2003-03-18,2.0
HOPE,2004-06-16,2.0
HOS,2000-11-14,2.0
HOS,2005-12-09,2.0
HOV,1986-03-10,1.5
HOV,1986-08-04,1.5
HOV,1987-04-14,2.0
HOV,2004-03-29,2.0
HOV,2019-03-29,0.04
HP,1980-10-15,2.0
HP,1998-01-02,2.0
HP,2006-07-10,2.0
HPP,2025-12-02,0.14285714285714285
HQI,2005-08-22,5.0
HQI,2017-12-08,0.08333333333333333
HRB,1985-10-02,2.0
HRB,1987-10-02,2.0
HRB,1991-10-02,2.0
HRB,2001-08-02,2.0
HRB,2005-08-23,2.0
HRI,2016-07-01,0.3333333333333333
HROW,2012-02-24,0.125
HROW,2013-02-08,0.2
HTLD,1991-11-26,1.5
HTLD,1992-12-22,1.3333333333333333
HTLD,1993-12-14,1.25
HTLD,1995-12-04,1.5364995467326337
HTLD,1996-10-07,1.5
HTLD,2001-06-01,1.25
HTLD,2002-02-20,1.5769
HTLD,2004-08-23,1.5
HTLD,2006-05-16,1.3333333333333333
HTO,1985-07-24,2.0
HTO,2004-03-02,3.0
HTO,2006-03-17,2.0
HUBG,2005-05-12,2.0
HUBG,2006-06-07,2.0
HUBG,2024-01-29,2.0
HVT,1983-07-01,2.0
HVT,1984-02-28,1.25
HVT,1986-05-27,2.0
HVT,1993-07-01,1.5
HVT,1999-08-26,2.0
HWBK,1999-10-14,1.5
HWBK,2000-06-13,2.0
HWBK,2003-07-16,1.5
HWBK,2009-06-11,1.04
HWBK,2012-06-13,1.04
HWBK,2013-06-12,1.04
HWBK,2014-06-11,1.04
HWBK,2018-06-14,1.04
HWBK,2022-06-14,1.04
HWBK,2023-06-14,1.04
HWC,1991-11-05,2.0
HWC,1996-12-03,1.15
HWC,2002-08-06,1.5
HWC,2004-03-19,2.0
HWKN,1989-04-24,2.0
HWKN,2021-03-02,2.0
HYMC,2023-11-15,0.1
IA,2005-07-08,1.5
IART,1998-05-26,0.5
IART,2017-01-04,2.0
IBCP,1996-10-02,1.05
IBCP,1997-05-01,1.5
IBCP,1997-10-01,1.05
IBCP,1998-07-01,1.5
IBCP,1998-10-01,1.05
IBCP,1999-10-01,1.05
IBCP,2000-10-03,1.05
IBCP,2001-10-03,1.05
IBCP,2002-10-02,1.05
IBCP,2003-01-02,1.5
IBCP,2003-10-02,1.1
IBCP,2005-09-01,1.05
IBCP,2006-08-31,1.05
IBCP,2010-09-01,0.1
IBOC,1996-06-10,1.25
IBOC,1997-06-10,1.25
IBOC,1998-06-15,1.25
IBOC,1999-06-14,1.25
IBOC,2000-06-13,1.25
IBOC,2001-06-18,1.25
IBOC,2002-06-17,1.25
IBOC,2003-06-17,1.25
IBOC,2004-06-01,1.25
IBOC,2005-06-01,1.25
IBOC,2007-05-17,1.1
ICUI,1993-04-01,1.5
ICUI,2002-03-18,1.5
IDR,2021-12-06,0.07142857142857142
IDT,2009-02-25,0.3333333333333333
IDT,2013-08-01,1.183
IEP,2012-01-05,1.0043
IEP,2012-03-13,1.0063
IEP,2012-05-14,1.0053
IEP,2012-08-14,1.0062
IEP,2012-11-13,1.0059
IIIN,2006-06-19,2.0
IMAX,1997-05-27,2.0
INDB,1987-10-01,1.5
INMD,2021-10-01,2.0
INOD,1998-03-25,0.3333333333333333
INOD,1999-09-10,3.0
INOD,2000-12-04,2.0
INOD,2001-03-26,2.0
INVA,2014-06-03,1.241
INVX,2006-10-06,2.0
IOSP,2007-07-23,2.0
IPAR,1990-08-03,0.4
IPAR,1992-12-10,1.5
IPAR,2000-06-16,1.5
IPAR,2001-09-17,1.5
IPAR,2008-06-02,1.5
IPI,2020-08-14,0.1
IRD,2017-05-05,0.1
IRD,2019-04-12,0.08333333333333333
IRD,2020-11-06,0.25
IRON,2022-12-30,0.03333333333333333
IRWD,2019-04-02,1.194
ISBA,2006-03-02,1.1
ISBA,2008-03-11,1.1
ISOU,2025-03-24,0.25
ITIC,1987-08-11,1.25
ITIC,1987-09-16,2.0
IVR,2022-06-06,0.1
IVT,2021-08-06,0.1
JACK,2007-10-16,2.0
JAKK,1999-11-05,1.5
JAKK,2020-07-10,0.1
JBIO,2025-04-29,0.02857142857142857
JBLU,2002-12-13,1.5
JBLU,2003-11-21,1.5
JBLU,2005-12-27,1.5
JILL,2019-03-18,1.191
JILL,2020-11-10,0.2
JJSF,1989-08-15,2.0
JJSF,2006-01-06,2.0
JMSB,2017-09-06,1.25
JOE,1990-03-23,50.0
JOE,1998-01-13,3.0
KAI,1995-09-18,1.5
KAI,1996-06-27,1.5
KAI,2001-07-12,0.2
KBH,2005-04-29,2.0
KELYA,1980-03-31,1.5
KELYA,1982-03-29,1.5
KELYA,1985-09-30,1.25
KELYA,1987-09-21,1.5
KELYA,1989-06-19,1.25
KELYA,1993-06-14,1.25
KFRC,1996-05-23,2.0
KFRC,1997-10-20,2.0
KINS,2004-08-26,0.2
KLIC,1979-07-09,1.5
KLIC,1980-10-20,2.0
KLIC,1983-05-23,2.0
KLIC,1995-07-31,2.0
KLIC,2000-08-01,2.0
KMPR,1999-03-29,2.0
KMT,1975-11-20,2.0
KMT,1980-03-11,2.0
KMT,1994-08-23,2.0
KMT,2007-12-19,2.0
KOPN,1999-12-30,2.0
KOPN,2000-07-13,2.0
KPLT,2023-07-28,0.04
KRG,2014-08-12,0.25
KRNY,2015-05-15,1.3804
KRO,2011-05-23,2.0
KRSA,2023-05-16,0.05
KRSA,2026-09-09,0.14285714285714285
KSS,1996-04-30,2.0
KSS,1998-04-28,2.0
KSS,2000-04-25,2.0
KWR,1985-01-31,2.0
KWR,1990-07-31,1.5
KWY,2012-07-05,0.25
LAR,2017-11-08,0.2
LAR,2023-10-04,2.484
LBTYA,2014-03-04,1.957
LBTYA,2015-07-02,1.058
LBTYA,2016-06-21,1.146
LBTYA,2024-11-13,1.941
LBTYB,2014-03-04,1.948
LBTYK,2014-03-04,2.0
LBTYK,2015-07-02,1.073
LBTYK,2016-06-21,1.152
LBTYK,2024-11-13,1.91
LCID,2025-09-02,0.1
LCII,1989-05-03,0.1
LCII,1997-03-24,2.0
LCII,2005-09-08,2.0
LCNB,2004-05-03,2.0
LCNB,2007-05-11,2.0
LEA,2011-03-18,2.0
LEU,2013-07-02,0.04
LEU,2014-09-30,0.091
LILA,2020-09-11,1.061
LILA,2026-06-17,1.472
LILAK,2020-09-11,1.062
LILAK,2026-06-17,1.472
LKFN,1998-05-18,2.0
LKFN,2006-05-01,2.0
LKFN,2016-08-08,1.5
LKQ,2006-01-17,2.0
LKQ,2007-12-04,2.0
LKQ,2012-09-19,2.0
LNN,1990-05-16,1.5
LNN,1991-09-17,1.5
LNN,1996-02-23,1.5
LNN,1997-03-11,1.5
LNN,1998-06-16,1.5
LPTH,2003-03-04,0.125
LPX,1992-06-08,1.5
LPX,1993-06-09,2.0
LSAK,2005-06-13,0.16666666666666666
LSTR,2002-08-13,2.0
LSTR,2003-11-14,2.0
LSTR,2005-01-10,2.0
LTC,1998-10-01,1.1
LTRX,2009-12-21,0.16666666666666666
LUMN,1988-08-02,1.5
LUMN,1989-03-27,1.5
LUMN,1993-01-04,1.5
LUMN,1998-04-01,1.5
LUMN,1999-04-01,1.5
LWAY,2004-03-09,2.0
LWAY,2006-08-16,2.0
LXP,2025-11-11,0.2
LXU,2021-10-12,1.3
LYTS,1985-09-03,1.5
LYTS,1989-06-06,1.5
LYTS,1995-08-16,1.5
LYTS,2001-12-07,1.5
LYTS,2003-11-17,1.25
LZB,1987-09-15,4.0
LZB,1998-09-15,3.0
M,2006-06-12,2.0
MAGN,1984-05-16,3.0
MAGN,1986-05-14,2.0
MAGN,1992-05-14,2.0
MAGN,2024-11-04,0.07692307692307693
MAKO,2023-03-08,0.1
MARA,2013-07-22,0.07692307692307693
MARA,2014-12-23,2.0
MARA,2017-10-30,0.25
MARA,2019-04-08,0.25
MAT,1991-11-18,1.25
MAT,1992-06-03,1.5
MAT,1994-01-10,1.25
MAT,1995-01-23,1.25
MAT,1996-03-04,1.25
MATV,2012-08-22,2.0
MATW,1998-06-03,2.0
MATW,2001-09-04,2.0
MATX,1984-03-12,2.0
MATX,1986-06-06,1.5
MATX,1988-06-03,2.0
MATX,2012-07-02,2.0855057351407718
MBIN,2022-01-18,1.5
MBWM,2001-01-17,1.05
MBWM,2002-01-16,1.05
MBWM,2003-01-15,1.05
MBWM,2004-04-14,1.05
MBWM,2005-07-14,1.05
MBWM,2007-04-19,1.05
MCHB,2012-03-09,2.0
MCHB,2012-11-08,2.0
MCRI,2005-03-31,2.0
MCS,1987-05-04,1.5
MCS,1992-11-09,1.5
MCS,1995-11-15,1.5
MCS,1997-12-08,1.5
MCY,1992-09-14,2.0
MCY,1997-10-10,2.0
MD,2006-04-28,2.0
MD,2013-12-20,2.0
MDU,1978-02-01,2.0
MDU,1986-07-16,2.0
MDU,1995-10-16,1.5
MDU,1998-07-14,1.5
MDU,2003-10-30,1.5
MDU,2006-07-27,1.5
MDU,2023-06-01,1.457
MDU,2024-11-01,1.805
MDXG,2008-04-02,0.3235
MEI,1983-10-17,2.0
MEI,1985-10-18,2.0
MEI,1993-01-19,2.0
MEI,1995-11-01,1.5
MEI,2001-04-30,2.672367717797969
METC,2024-12-02,1.01
METC,2025-02-28,1.014
METCB,2024-12-02,1.023
METCB,2025-09-05,1.011
METCB,2026-03-13,1.012
METCB,2026-06-12,1.012
MFA,2022-04-05,0.25
MFIC,2018-12-03,0.3333333333333333
MGEE,1992-01-22,1.5
MGEE,1996-02-21,1.5
MGEE,2014-02-10,1.5
MGPI,1992-07-16,1.5
MGPI,2004-07-16,2.0
MGRC,1991-04-22,2.0
MGRC,1997-04-28,2.0
MGRC,2005-03-28,2.0
MHO,2002-06-20,2.0
MIDD,1988-06-02,1.25
MIDD,2007-06-18,2.0
MIDD,2014-06-27,3.0
MIDD,2026-07-07,1.243
MKTW,2025-04-03,0.05
MLI,1995-10-02,2.0
MLI,1998-05-28,2.0
MLI,2014-03-31,2.0
MLI,2023-10-23,2.0
MLI,2026-07-01,2.0
MLKN,1981-11-02,2.0
MLKN,1983-08-17,2.0
MLKN,1985-09-03,1.5
MLKN,1997-04-16,2.0
MLKN,1998-03-17,2.0
MLP,1998-05-01,4.0
MLR,1996-04-15,1.5
MLR,1996-10-01,2.0
MLR,1996-12-31,1.5
MLR,2001-10-01,0.2
MMS,2011-07-01,2.0
MMS,2013-07-01,2.0
MMSI,1991-07-16,1.5
MMSI,2001-08-28,1.25
MMSI,2002-04-12,1.25
MMSI,2003-08-15,1.3333333333333333
MMSI,2003-12-03,1.3333333333333333
MMSI,2011-05-06,1.25
MNKD,2017-03-03,0.2
MNPR,2024-08-13,0.2
MNRO,1996-06-18,1.05
MNRO,1997-06-18,1.05
MNRO,1998-06-04,1.05
MNRO,2003-11-03,1.5
MNRO,2007-10-02,1.5
MNRO,2010-12-27,1.5
MOG.A,1981-01-13,1.5
MOG.A,2001-09-24,1.5
MOG.A,2004-02-18,1.5
MOG.A,2005-04-04,1.5
MOV,1997-05-02,1.25
MOV,1997-09-30,1.5
MOV,2004-06-28,2.0
MOVE,2024-10-29,0.06666666666666667
MOVE,2025-10-10,0.1
MOVE,2026-04-07,1.358
MPB,1998-11-06,1.05
MPB,1999-11-08,1.05
MPB,2003-05-05,1.05
MPB,2006-02-06,1.05
MPB,2007-05-07,1.05
MQ,2026-07-01,0.25
MRCY,1999-12-21,2.0
MRTN,1998-01-06,1.5
MRTN,2003-07-25,1.5
MRTN,2003-12-08,1.5
MRTN,2005-12-27,1.5
MRTN,2013-06-17,1.5
MRTN,2017-07-10,1.6666666666666667
MRTN,2020-08-14,1.5
MSEX,1985-01-02,2.0
MSEX,1992-10-02,2.0
MSEX,2002-01-03,1.5
MSEX,2003-11-17,1.3333333333333333
MTA,2016-12-07,0.3333333333333333
MTA,2019-12-17,0.25
MTG,1993-12-03,2.0
MTG,1997-06-03,2.0
MTH,1997-01-02,0.3333333333333333
MTH,2002-04-29,2.0
MTH,2005-01-10,2.0
MTH,2025-01-03,2.0
MTRN,1983-01-21,1.5
MTRN,1984-06-25,2.0
MTRX,2003-11-24,2.0
MTW,1996-07-03,1.5
MTW,1997-07-01,1.5
MTW,1999-04-01,1.5
MTW,2006-04-11,2.0
MTW,2007-09-11,2.0
MTW,2016-03-04,4.41584
MTW,2017-11-20,0.25
MTX,2012-12-12,2.0
MUR,1980-06-10,3.0
MUR,2002-12-31,2.0
MUR,2005-06-06,2.0
MUR,2013-09-03,1.158
MUX,2022-07-28,0.1
MVBF,2014-04-02,2.0
MYE,1983-05-04,1.1
MYE,1984-05-22,2.0
MYE,1985-08-12,1.1
MYE,1986-08-11,1.1
MYE,1987-09-08,1.5
MYE,1988-08-15,1.1
MYE,1989-08-14,1.1
MYE,1990-08-13,1.1
MYE,1991-08-12,1.1
MYE,1992-09-01,1.25
MYE,1993-08-09,1.1
MYE,1994-09-01,1.25
MYE,1995-08-07,1.1
MYE,1997-08-04,1.1
MYE,1999-08-11,1.1
MYE,2000-08-08,1.1
MYE,2001-08-08,1.1
MYE,2002-09-03,1.25
MYE,2004-08-11,1.1
MYGN,2000-09-12,2.0
MYGN,2009-03-26,2.0
MZTI,1983-01-05,1.5
MZTI,1986-07-29,1.25
MZTI,1992-05-01,1.5
MZTI,1993-04-16,1.3333333333333333
MZTI,1994-07-21,1.3333333333333333
MZTI,1998-01-28,1.5
NAT,2014-07-23,1.014
NAT,2017-08-10,1.008
NBN,1995-12-18,2.0
NBN,1997-12-16,1.5
NBR,2006-04-18,2.0
NBR,2020-04-23,0.02
NBTB,1992-11-24,1.05
NBTB,1993-11-24,1.05
NBTB,1994-11-25,1.05
NBTB,1995-11-29,1.05
NBTB,1996-11-26,1.05
NBTB,1997-11-26,1.05
NBTB,1998-06-16,1.3333333333333333
NBTB,1998-11-27,1.05
NBTB,1999-11-29,1.05
NC,1977-06-20,2.0
NC,1986-06-09,2.0
NC,1986-07-16,1.5
NC,2012-10-01,3.048780487804878
NC,2017-10-02,4.377
NECB,2021-07-13,1.34
NEGG,2020-10-26,0.125
NEGG,2025-04-07,0.05
NEOG,2004-01-02,1.25
NEOG,2007-09-05,1.5
NEOG,2009-12-16,1.5
NEOG,2013-10-31,1.5
NEOG,2018-01-02,1.333
NEOG,2021-06-07,2.0
NEWT,2014-10-23,0.2
NGNE,2023-09-25,0.2
NGNE,2023-12-19,0.25
NJR,1987-03-03,2.0
NJR,2002-03-04,1.5
NJR,2008-03-04,1.5
NJR,2015-03-04,2.0
NKSH,2006-04-03,2.0
NKTR,2000-08-23,2.0
NKTR,2025-06-09,0.06666666666666667
NMM,2019-05-21,0.06666666666666667
NNBR,1995-03-06,1.5
NNBR,1995-12-06,1.5
NOG,2020-09-21,0.1
NOVT,2010-12-29,0.3333333333333333
NPK,1982-07-01,1.5
NPK,1983-07-01,1.5
NPKI,1995-11-28,1.05
NPKI,1997-06-23,2.0
NPKI,1997-11-28,2.0
NRIM,1993-09-24,1.25
NRIM,1995-04-28,1.05
NRIM,1996-01-29,1.05
NRIM,1997-01-29,1.05
NRIM,1998-01-29,1.05
NRIM,1999-01-29,1.05
NRIM,2000-02-01,1.05
NRIM,2001-11-13,1.1
NRIM,2006-08-16,1.05
NRIM,2007-09-19,1.05
NRIM,2025-09-23,4.0
NRP,2007-04-19,2.0
NRP,2016-02-18,0.1
NSIT,1997-09-18,1.5
NSIT,1998-09-09,1.5
NSIT,1999-02-19,1.5
NSIT,2000-09-19,1.5
NSP,2000-10-17,2.0
NSP,2017-12-19,2.0
NSSC,1982-01-05,1.5
NSSC,1985-02-04,1.5
NSSC,1985-08-21,1.5
NSSC,2004-04-28,2.0
NSSC,2004-11-18,1.2
NSSC,2005-12-29,1.5
NSSC,2006-06-08,1.5
NSSC,2022-01-05,2.0
NTGR,2019-01-02,1.612
NUTX,2024-04-10,0.06666666666666667
NUTX,2024-07-03,0.1
NVAX,2019-05-10,0.05
NVEC,2000-12-06,0.2
NVEC,2002-11-22,0.2
NVRI,1981-06-02,2.0
NVRI,1986-03-04,1.5
NVRI,1997-02-18,2.0
NVRI,2007-03-27,2.0
NWBI,1996-05-22,2.0
NWBI,1997-11-17,2.0
NWBI,2009-12-18,2.25
NWFL,2003-06-17,1.5
NWFL,2006-05-10,1.05
NWFL,2013-05-13,1.1
NWFL,2017-09-18,1.5
NWL,1983-03-21,2.0
NWL,1988-08-30,2.0
NWL,1989-12-04,2.0
NWL,1994-09-02,2.0
NWN,1996-09-09,1.5
NX,1981-01-07,1.5
NX,1981-09-22,1.5
NX,2005-01-03,1.5
NX,2006-04-03,1.5
NXDT,2015-10-06,0.25
OBE,2019-06-10,0.14285714285714285
OBT,2018-02-26,2.0
OBT,2025-01-13,2.0
OCFC,1998-05-18,2.0
OCFC,2002-05-20,1.5
OCSL,2023-01-23,0.3333333333333333
ODC,1983-07-28,2.0
ODC,1984-11-13,1.3333333333333333
ODC,1986-07-17,1.3333333333333333
ODC,1987-07-17,1.3333333333333333
ODC,1990-03-16,1.25
ODC,2006-09-11,1.25
ODC,2025-01-06,2.0
OFG,1991-11-18,1.1
OFG,1992-09-25,1.1428571428571428
OFG,1993-08-17,1.5
OFG,1994-10-06,1.3333333333333333
OFG,1995-10-03,1.25
OFG,1996-10-17,1.2
OFG,1997-10-16,1.25
OFG,1998-10-16,1.3333333333333333
OFG,2002-03-27,1.1
OFG,2003-01-16,1.25
OFG,2003-12-29,1.1
OFG,2004-12-29,1.1
OII,2006-06-19,2.0
OII,2011-06-13,2.0
OIS,2014-06-02,1.75
OLN,1977-09-09,2.0
OLN,1996-10-31,2.0
OLN,1999-02-09,1.575
OPCH,2020-02-03,0.25
OPLN,2019-06-28,2.642
ORC,2022-08-31,0.2
ORKA,2004-02-23,0.3333333333333333
ORKA,2009-01-28,0.05
ORKA,2013-03-05,0.16666666666666666
ORKA,2015-09-04,0.14285714285714285
ORKA,2019-04-04,0.05555555555555555
ORKA,2024-09-03,0.08333333333333333
ORRF,1999-11-03,1.075
ORRF,2001-07-30,1.05
ORRF,2003-05-08,1.05
ORRF,2004-02-11,2.0
ORRF,2005-06-01,1.05
ORRF,2007-05-23,1.05
OSBC,1996-06-18,1.25
OSBC,1999-05-18,2.0
OSBC,2002-06-25,1.3333333333333333
OSBC,2004-07-29,2.0
OSUR,1987-04-08,3.0
OTEX,2003-10-29,2.0
OTEX,2014-02-19,2.0
OTEX,2017-01-25,2.0
OTTR,1988-06-16,2.0
OTTR,2000-03-16,2.0
OUST,2023-04-21,0.1
OUT,2025-01-17,0.976
OVLY,2005-01-14,1.5
OVLY,2006-01-17,1.5
OXM,1982-12-01,2.0
OXM,1984-03-02,2.0
OXM,2003-12-02,2.0
OZK,2002-06-18,2.0
OZK,2003-12-11,2.0
OZK,2011-08-17,2.0
OZK,2014-06-24,2.0
PAGP,2016-11-16,0.375
PAR,2006-01-09,1.5
PARR,2014-01-29,0.1
PATK,1993-06-10,1.5
PATK,1994-03-23,2.0
PATK,2015-06-01,1.5
PATK,2017-12-11,1.5
PATK,2024-12-16,1.5
PBI,1983-05-24,2.0
PBI,1986-11-14,2.0
PBI,1992-06-03,2.0
PBI,1998-01-20,2.0
PCYO,2004-04-26,0.1
PDLB,2022-01-28,1.395
PDS,1997-10-15,2.0
PDS,2005-06-01,2.0
PDS,2020-11-12,0.05
PDYN,2023-07-06,0.16666666666666666
PEBO,1994-05-02,2.0
PEBO,1995-10-05,1.1
PEBO,1996-07-11,1.1
PEBO,1998-05-01,1.5
PEBO,1999-05-26,1.1
PEBO,2000-02-17,1.1
PEBO,2001-08-22,1.1
PEBO,2002-06-11,1.1
PEBO,2003-08-27,1.05
PEBO,2013-07-15,1.1
PEGA,2014-04-02,2.0
PEGA,2025-06-23,2.0
PENG,2022-02-02,2.0
PENN,1996-05-24,1.5
PENN,1996-12-23,2.0
PENN,2002-06-26,2.0
PENN,2005-03-08,2.0
PENN,2013-11-04,4.423
PERI,2018-08-27,0.3333333333333333
PESI,2013-10-15,0.2
PFBC,2007-02-21,1.5
PFBC,2011-06-20,0.2
PFIS,2003-05-16,1.5
PGC,1999-09-29,1.05
PGC,2000-09-28,1.05
PGC,2001-09-27,1.1
PGC,2002-11-04,2.0
PGC,2003-09-29,1.1
PGC,2004-09-29,1.1
PGC,2009-07-07,1.05
PGY,2024-03-08,0.08333333333333333
PII,1993-08-19,2.0
PII,1995-10-18,1.5
PII,2004-03-09,2.0
PII,2011-09-13,2.0
PIPR,2026-03-24,4.0
PKBK,2003-11-28,1.1
PKBK,2004-12-10,1.2
PKBK,2006-04-07,1.2
PKBK,2007-04-10,1.1
PKBK,2008-04-03,1.15
PKBK,2010-05-07,1.1
PKBK,2012-05-04,1.1
PKBK,2013-05-03,1.1
PKBK,2017-05-03,1.1
PKBK,2020-02-14,1.1
PKE,1983-06-01,1.5
PKE,1983-10-25,1.5
PKE,1984-09-11,1.5
PKE,1995-08-16,2.0
PKE,2000-11-09,1.5
PKOH,1981-04-06,2.0
PLAB,1995-03-21,1.5
PLAB,1997-12-02,2.0
PLBC,2005-09-19,1.5
PLUS,2017-04-03,2.0
PLUS,2021-12-14,2.0
PLXS,1992-03-23,1.5
PLXS,1997-08-26,2.0
PLXS,2000-09-01,2.0
PMTS,2017-12-20,0.2
POET,2022-02-28,0.1
POOL,1997-09-30,1.5
POOL,1998-07-27,1.5
POOL,2000-06-20,1.5
POOL,2001-09-10,1.5
POOL,2003-09-15,1.5
POOL,2004-09-13,1.5
POST,2022-03-11,1.528
POWI,1999-11-23,2.0
POWI,2020-08-19,2.0
PPLI,1998-03-27,2.0
PPLI,2000-02-25,2.0
PPLI,2005-08-09,0.9
PPLI,2008-08-21,1.146
PPLI,2020-07-01,3.054
PPLI,2021-05-25,1.503
PPLI,2025-04-01,1.219
PRAA,2013-08-02,3.0
PRDO,2000-08-28,2.0
PRDO,2001-10-01,2.0
PRDO,2003-08-25,2.0
PRE,2022-05-18,1.29
PRE,2023-11-14,0.06666666666666667
PRG,1983-06-01,1.5
PRG,1992-11-03,2.0
PRG,1996-06-04,2.0
PRG,2003-08-18,1.5
PRG,2004-08-17,1.5
PRG,2010-04-16,1.5
PRG,2020-12-01,1.179
PRGO,1993-08-26,2.0
PRGS,1995-11-28,2.0
PRGS,1998-07-14,1.5
PRGS,2000-01-24,2.0
PRGS,2011-01-31,1.5
PRK,1991-05-13,2.0
PRK,1994-08-15,2.0
PRK,1999-12-01,1.05
PRK,2004-11-29,1.05
PRSU,2013-11-05,1.1
PRSU,2014-02-05,1.062
PSFE,2022-12-13,0.08333333333333333
PTEN,1997-07-28,2.0
PTEN,1998-01-26,2.0
PTEN,2004-07-01,2.0
PVH,1984-01-04,2.0
PVH,1987-06-17,2.5
PVH,1991-10-10,2.0
PVLA,2024-04-23,0.0125
PZZA,1996-03-26,1.5
PZZA,1996-11-25,1.5
PZZA,2006-01-17,2.0
PZZA,2013-12-30,2.0
QCRH,1998-12-01,1.5
QCRH,2004-06-01,1.5
QMCO,2017-04-19,0.125
QMCO,2024-08-27,0.05
QNBC,2003-10-15,2.0
QUBT,2007-08-29,0.01
QUBT,2018-07-03,0.005
RAMP,1992-12-01,2.0
RAMP,1995-01-11,2.0
RAMP,1996-11-12,2.0
RBCAA,2004-03-26,1.05
RBCAA,2005-03-22,1.05
RBCAA,2006-03-22,1.05
RBCAA,2007-03-21,1.05
RCAT,2002-03-22,0.01
RCAT,2014-07-23,0.006666666666666667
RCAT,2016-11-22,0.1
RCAT,2019-08-01,0.0008333333333333334
RCBC,2025-12-16,10.0
RCEL,2020-06-30,0.2
RCMT,1996-04-08,0.2
RDN,1996-12-03,2.0
RDN,2001-06-21,2.0
RDNT,2006-11-28,0.5
RDWR,2013-04-15,2.0
REAX,2021-06-01,0.25
REAX,2021-07-23,4.0
REAX,2026-08-25,0.1
RELL,1985-06-03,1.5
RELL,1986-05-06,1.5
REPX,2001-08-30,1.05
REPX,2016-03-24,0.1
REPX,2021-03-01,0.08333333333333333
RES,1997-12-11,2.0
RES,2005-03-11,1.5
RES,2005-12-13,1.5
RES,2006-12-12,1.5
RES,2010-12-13,1.5
RES,2012-03-12,1.5
REX,1985-06-25,1.5
REX,1986-04-21,1.5
REX,2001-08-13,1.5
REX,2002-02-12,1.5
REX,2022-08-08,3.0
REX,2025-09-16,2.0
REZI,2026-08-04,1.437
RGC,2025-06-16,38.0
RGR,1981-06-16,2.0
RGR,1989-06-02,2.0
RGR,1993-05-14,2.0
RGR,1996-09-17,2.0
RGR,2025-10-24,0.374
RHI,1983-08-16,2.0
RHI,1984-05-22,2.0
RHI,1987-07-06,2.0
RHI,1988-03-18,1.5
RHI,1994-08-29,2.0
RHI,1996-06-10,2.0
RHI,1997-09-29,1.5
RHI,2000-06-13,2.0
RIG,1997-09-22,2.0
RIG,2007-11-27,0.6996
RIGL,2003-06-25,0.1111111111111111
RIGL,2024-06-27,0.1
RITM,2014-10-20,0.5
RJET,2025-11-25,0.06666666666666667
RLI,1981-01-19,1.25
RLI,1985-07-16,1.6666666666666667
RLI,1986-07-16,1.5
RLI,1995-06-22,1.25
RLI,1998-06-22,1.25
RLI,2002-10-16,2.0
RLI,2014-01-16,2.0
RLI,2025-01-16,2.0
RLMD,2015-08-12,0.2
RLMD,2019-09-30,0.25
RNST,1996-05-21,1.5
RNST,1998-01-21,1.5
RNST,2003-12-02,1.5
RNST,2006-08-29,1.5
ROCK,2004-11-01,1.5
ROG,1995-07-31,2.0
ROG,2000-05-30,2.0
ROOT,2022-08-15,0.05555555555555555
RUSHA,2007-10-11,1.5
RUSHA,2020-10-13,1.5
RUSHA,2023-08-29,1.5
RUSHA,2026-09-01,1.5
RUSHB,2007-10-11,1.5
RUSHB,2020-10-13,1.5
RUSHB,2023-08-29,1.5
RUSHB,2026-09-01,1.5
RYN,2003-06-13,1.5
RYN,2003-11-12,1.187
RYN,2005-10-18,1.5
RYN,2011-08-25,1.5
RYN,2014-06-30,1.339
RZLT,2014-05-01,0.16666666666666666
RZLT,2020-10-13,0.02
SABS,2024-01-05,0.1
SAFE,1998-06-19,0.16666666666666666
SAFE,2022-11-30,1.284
SAFE,2023-03-31,0.16
SAH,1999-01-26,2.0
SANM,1996-03-12,2.0
SANM,1998-06-11,2.0
SANM,2000-03-23,2.0
SANM,2001-01-09,2.0
SANM,2009-08-17,0.16666666666666666
SAR,2010-08-13,0.1
SBCF,1988-10-18,1.5
SBCF,2002-07-16,3.0
SBCF,2003-07-30,1.1
SBCF,2013-12-13,0.2
SBET,2010-03-02,0.5
SBET,2021-07-28,0.5
SBET,2023-04-26,0.1
SBET,2025-05-06,0.08333333333333333
SBGI,1998-05-29,2.0
SBLK,2008-11-25,1.026
SBLK,2012-10-15,0.06666666666666667
SBLK,2016-06-20,0.2
SBRA,2010-11-16,0.3333333333333333
SBSI,1998-09-10,1.05
SBSI,1999-09-10,1.05
SBSI,2000-05-22,2.0
SBSI,2000-11-16,1.05
SBSI,2001-09-17,1.05
SBSI,2002-08-30,1.05
SBSI,2003-09-02,1.05
SBSI,2004-08-31,1.05
SBSI,2005-03-04,1.05
SBSI,2006-03-07,1.05
SBSI,2007-05-07,1.05
SBSI,2009-04-24,1.05
SBSI,2010-04-06,1.05
SBSI,2012-04-16,1.05
SBSI,2013-04-16,1.05
SBSI,2014-04-08,1.05
SBSI,2015-04-23,1.05
SBSI,2017-05-25,1.024
SCHL,2001-01-17,2.0
SCL,1982-01-04,2.0
SCL,1989-01-03,2.0
SCL,1994-12-16,2.0
SCL,2012-12-17,2.0
SCSC,2003-01-29,2.0
SCSC,2006-06-06,2.0
SCZM,2025-12-10,0.25
SENS,2025-10-20,0.05
SEZL,2025-03-31,6.0
SFBS,2014-07-17,3.0
SFBS,2016-12-21,2.0
SFBS,2026-08-21,2.0
SFNC,1992-06-08,2.0
SFNC,1996-12-09,1.5
SFNC,2003-05-02,2.0
SFNC,2018-02-09,2.0
SFST,2003-11-18,1.5
SFST,2006-07-20,1.1
SFST,2011-01-26,1.1
SFST,2012-02-01,1.1
SFST,2013-01-30,1.1
SHBI,2006-06-06,1.5
SHEN,2004-02-23,2.0
SHEN,2007-08-20,3.0
SHEN,2016-01-05,2.0
SHIP,2011-06-27,0.06666666666666667
SHIP,2016-01-08,0.2
SHIP,2019-03-20,0.06666666666666667
SHIP,2020-06-30,0.0625
SHIP,2023-02-16,0.1
SHOE,1993-10-25,1.5
SHOE,2012-04-30,1.5
SHOE,2021-07-20,2.0
SHOO,2006-05-26,1.5
SHOO,2010-05-03,1.5
SHOO,2011-06-01,1.5
SHOO,2013-10-02,1.5
SHOO,2018-10-12,1.5
SIG,1997-09-04,0.1
SIG,2004-10-19,3.0
SIG,2008-09-11,0.5
SIGI,1981-04-02,1.5
SIGI,1983-09-02,2.0
SIGI,1989-09-05,1.5
SIGI,1997-12-02,2.0
SIGI,2007-02-21,2.0
SII,2020-05-28,0.1
SKE,2012-06-01,0.2
SKE,2017-10-20,0.1
SKE,2021-06-10,0.25
SKT,2004-12-29,2.0
SKT,2011-01-25,2.0
SKYW,1993-05-11,1.5
SKYW,1998-06-09,2.0
SKYW,2000-12-18,2.0
SLDB,2022-10-28,0.06666666666666667
SLG,2021-01-21,0.971
SLG,2022-01-24,0.97
SLGN,2005-09-16,2.0
SLGN,2010-05-04,2.0
SLGN,2017-05-30,2.0
SLM,1989-07-03,2.5
SLM,1998-01-05,3.5
SLM,2003-06-23,3.0
SLM,2014-05-01,2.798
SLP,2006-08-14,2.0
SLP,2007-10-02,2.0
SLS,2016-11-14,0.05
SLS,2018-01-02,0.03333333333333333
SLS,2019-11-08,0.02
SMBC,2003-10-29,2.0
SMBC,2015-02-02,2.0
SMBK,2004-09-16,2.0
SMBK,2006-12-19,2.0
SMBK,2009-09-16,1.02
SMBK,2015-09-23,0.25
SMC,2020-11-10,0.06666666666666667
SMG,2005-11-10,2.0
SMP,1981-12-02,1.5
SMP,1983-12-02,2.5
SMTI,2002-06-26,0.01
SMTI,2019-05-10,0.01
SNDA,2020-12-14,0.06666666666666667
SON,1981-04-16,2.0
SON,1985-06-11,2.0
SON,1987-06-11,2.0
SON,1993-06-11,2.0
SON,1995-05-15,1.05
SON,1998-05-13,1.1
SPB,1979-01-15,1.02
SPB,1979-04-06,1.02
SPB,1979-07-09,1.02
SPB,1979-10-15,1.02
SPB,1981-01-16,2.0
SPB,1994-05-03,0.2
SPB,2001-01-31,0.1
SPB,2005-04-07,8.0
SPB,2018-07-16,0.162
SPHR,2023-04-21,2.165
SPIR,2023-08-31,0.125
SPSC,2019-08-23,2.0
SR,1984-03-08,2.0
SR,1994-03-08,2.0
SRCE,1992-02-19,1.25
SRCE,1993-02-16,1.5
SRCE,1995-08-21,1.5
SRCE,1996-02-01,1.05
SRCE,1997-02-18,1.25
SRCE,1998-02-03,1.1
SRCE,1999-02-02,1.1
SRCE,2000-08-02,1.05
SRCE,2001-05-02,1.05
SRCE,2006-08-03,1.1
SRPT,2012-07-12,0.16666666666666666
SRZN,2023-12-14,0.06666666666666667
SSYS,2003-12-22,1.5
SSYS,2007-08-30,2.0
STAA,1992-05-18,0.5
STBA,1992-06-15,2.0
STBA,1994-09-16,2.0
STBA,1998-11-02,2.0
STC,1983-03-22,2.0
STC,1994-04-29,1.5
STC,1999-05-24,2.0
STGW,1996-05-31,0.16666666666666666
STGW,2013-11-29,1.5
STNG,2019-01-18,0.1
STRA,1997-11-19,1.5
STRO,2025-12-03,0.1
STWD,2014-02-03,1.2402
SVC,2026-07-07,0.2
SWBI,2020-08-25,1.301
SXI,1978-11-27,2.0
SXI,1983-11-28,2.0
SXI,1993-05-26,2.0
SXT,1986-08-08,1.5
SXT,1988-10-11,1.5
SXT,1989-10-16,1.5
SXT,1998-05-26,2.0
SYBT,1993-10-08,1.1
SYBT,1994-10-03,1.1
SYBT,1996-09-18,2.0
SYBT,1999-03-01,2.0
SYBT,2003-09-22,2.0
SYBT,2006-05-08,1.05
SYBT,2016-05-31,1.5
SYNA,2008-09-02,1.5
TATT,1993-08-11,0.3333333333333333
TATT,1998-05-01,0.5
TBI,1995-11-29,1.5
TBI,1996-08-12,1.5
TBI,1997-11-03,1.5
TBI,1998-06-10,1.5
TBI,1999-07-13,1.5
TCBK,1993-06-24,1.12
TCBK,1995-10-16,1.25
TCBK,1998-11-02,1.5
TCBK,2004-05-03,2.0
TCI,1996-03-04,1.5
TDS,1988-03-18,1.5
TDS,1988-12-19,1.5
TDS,2005-05-16,1.951219512195122
TDS,2012-01-25,1.087
TDW,1980-10-29,1.5
TDW,2017-08-01,0.031
TECX,2024-06-21,0.08333333333333333
TEN,2007-11-15,2.0
TEN,2020-07-01,0.2
TFX,1980-12-16,2.0
TFX,1981-09-16,1.5
TFX,1986-06-17,2.0
TFX,1991-06-17,1.5
TFX,1997-06-17,2.0
THFF,1993-10-25,2.0
THFF,1995-06-16,1.05
THFF,1996-06-14,1.05
THFF,1998-01-07,1.05
THFF,2003-10-16,2.0
THO,1986-04-01,1.5
THO,1992-05-12,1.5
THO,1998-04-07,1.5
THO,2002-07-09,2.0
THO,2004-01-27,2.0
THRM,1999-01-28,0.2
TILE,1987-09-14,2.0
TILE,1998-06-16,2.0
TJGC,2026-05-26,0.3333333333333333
TK,2004-05-18,2.0
TLRY,2025-12-02,0.1
TMP,1989-06-02,1.5
TMP,1998-03-16,1.5
TMP,2003-08-01,1.1
TMP,2006-05-01,1.1
TMP,2010-02-03,1.1
TNC,1981-03-16,2.0
TNC,1995-04-27,2.0
TNC,2006-07-26,2.0
TNDM,2017-10-10,0.1
TNK,2019-11-25,0.125
TNL,2018-06-01,2.215
TOP,2026-08-03,0.2
TOWN,2002-02-26,2.0
TOWN,2004-06-18,1.5
TOWN,2005-08-24,1.03
TOWN,2012-05-23,1.03
TR,1986-07-11,1.5
TR,1987-05-29,2.0
TR,1995-07-12,2.0
TR,1997-03-07,1.03
TR,1998-03-06,1.03
TR,1998-07-14,2.0
TR,1999-03-05,1.03
TR,2000-03-03,1.03
TR,2001-03-02,1.03
TR,2002-03-01,1.03
TR,2003-02-28,1.03
TR,2004-02-27,1.03
TR,2005-03-09,1.03
TR,2006-03-08,1.03
TR,2007-03-07,1.03
TR,2008-03-06,1.03
TR,2009-03-06,1.03
TR,2013-03-01,1.03
TR,2014-02-28,1.03
TR,2015-03-06,1.03
TR,2016-03-04,1.03
TR,2017-03-03,1.03
TR,2018-03-05,1.03
TR,2021-03-04,1.03
TR,2022-03-04,1.03
TR,2023-03-03,1.03
TR,2024-03-05,1.03
TR,2025-03-05,1.03
TR,2026-03-05,1.03
TRC,1986-03-11,10.0
TRC,2013-08-29,1.031
TRC,2017-10-02,1.03
TREX,2014-05-08,2.0
TREX,2018-06-19,2.0
TREX,2020-09-15,2.0
TRMK,1984-12-27,2.0
TRMK,1986-09-29,2.0
TRMK,1993-10-12,3.0
TRMK,1998-03-31,2.0
TRN,1976-04-30,2.0
TRN,1979-11-01,2.0
TRN,1980-10-31,2.0
TRN,1993-09-01,1.5
TRN,1997-04-01,1.222344456667889
TRN,2006-06-12,1.5
TRN,2014-06-20,2.0
TRN,2018-11-01,1.389
TRNS,1981-08-04,2.0
TRNS,1982-08-03,2.0
TRNS,1997-07-23,2.0
TROX,2012-07-26,5.0
TRS,2015-07-01,1.255
TRST,1984-05-14,2.0
TRST,1986-07-22,2.0
TRST,1992-11-23,1.3333333333333333
TRST,1993-11-22,2.0
TRST,1995-08-01,1.2
TRST,1996-10-23,1.15
TRST,1997-10-22,1.15
TRST,1998-10-21,1.15
TRST,1999-11-15,2.0
TRST,2000-10-18,1.15
TRST,2001-10-17,1.15
TRST,2021-05-28,0.2
TSBK,2007-06-06,2.0
TTD,2021-06-17,10.0
TTI,2003-08-22,1.5
TTI,2005-08-29,1.5
TTI,2006-05-23,2.0
TWI,1995-03-16,1.5
TWI,1995-09-01,1.5
TWI,2008-08-18,1.25
TWIN,2006-04-03,2.0
TWIN,2008-01-02,2.0
UA,2016-06-13,1.007098
UAA,2012-07-10,2.0
UAA,2014-04-15,2.0
UAA,2016-04-08,2.0
UAN,2020-11-24,0.1
UCB,2002-05-30,2.0
UCB,2004-04-29,1.5
UCB,2008-09-03,1.0077
UCB,2008-12-08,1.0077
UCB,2009-03-09,1.0077
UCB,2009-09-08,1.0077
UCB,2011-06-20,0.2
UFCS,1982-01-06,1.25
UFCS,1986-03-18,1.5
UFCS,1992-06-16,1.5
UFCS,1995-01-06,1.5
UFCS,1996-01-08,1.5
UFCS,2004-12-16,2.0
UFPI,2017-11-15,3.0
UNF,1989-12-04,2.0
UNF,1994-01-20,2.0
UNFI,2004-04-20,2.0
UNIT,2025-08-04,0.602
UNTY,1998-06-02,1.5
UNTY,1998-12-17,1.05
UNTY,2003-02-24,1.05
UNTY,2004-06-14,1.05
UNTY,2005-06-13,1.05
UNTY,2006-06-14,1.05
UNTY,2007-06-13,1.05
UNTY,2008-06-11,1.05
UNTY,2016-09-13,1.1
UPBD,1995-06-21,1.5
UPBD,1995-10-10,2.0
UPBD,2003-09-02,2.5
USAS,2016-12-28,0.08333333333333333
USAS,2025-08-26,0.4
USLM,1987-02-06,1.5
USLM,2024-07-15,5.0
USNA,1998-08-04,2.0
USNA,2003-10-31,2.0
USNA,2016-11-23,2.0
USPH,2001-01-08,2.0
USPH,2001-06-29,1.5
UTL,1992-04-27,1.11
UTL,1992-12-14,2.0
UUUU,2013-11-05,0.02
UVSP,1998-05-04,2.0
UVSP,2000-04-12,1.05
UVSP,2003-03-03,1.25
UVSP,2005-05-02,1.5
UVV,1978-03-06,2.0
UVV,1984-03-02,2.0
UVV,1992-01-02,2.0
VABK,2011-06-13,1.15
VABK,2018-04-02,1.05
VCEL,2010-02-18,0.125
VCEL,2013-10-16,0.05
VELO,2024-06-13,0.02857142857142857
VELO,2025-07-28,0.06666666666666667
VFC,1982-12-21,2.0
VFC,1983-12-20,2.0
VFC,1986-05-06,2.0
VFC,1997-11-25,2.0
VFC,2013-12-23,4.0
VFC,2019-05-23,1.062
VIAV,1996-06-04,2.0
VIAV,1997-11-13,2.0
VIAV,1999-07-27,2.0
VIAV,1999-12-30,2.0
VIAV,2000-03-13,2.0
VIAV,2006-10-17,0.125
VIAV,2015-08-04,1.758
VLGEA,1987-03-23,4.0
VLGEA,2007-04-27,2.0
VLGEA,2009-01-23,2.0
VOR,2025-09-19,0.05
VRDN,2016-11-07,0.06666666666666667
VRDN,2020-11-13,0.06666666666666667
VRNS,2021-03-15,3.0
VSEC,1983-01-04,2.0
VSEC,1996-05-23,2.0
VSEC,1998-01-08,1.25
VSEC,2007-06-29,2.0
VSEC,2016-08-04,2.0
VSH,1984-03-20,1.05
VSH,1985-03-26,1.25
VSH,1985-12-31,1.3333333333333333
VSH,1987-02-02,1.05
VSH,1987-03-20,1.02
VSH,1987-12-15,1.05
VSH,1988-11-21,1.5
VSH,1990-05-22,1.05
VSH,1991-05-20,1.05
VSH,1992-06-01,1.05
VSH,1993-05-26,1.05
VSH,1994-05-27,1.05
VSH,1995-03-13,1.05
VSH,1995-06-19,2.0
VSH,1996-05-24,1.05
VSH,1997-05-28,1.05
VSH,1998-05-28,1.05
VSH,1999-06-23,1.25
VSH,2000-06-12,1.5
VSTM,2023-06-01,0.08333333333333333
VTOL,2020-06-12,0.5
VYX,2005-01-24,2.0
VYX,2023-10-17,1.63
WABC,1987-06-11,2.0
WABC,1998-02-26,3.0
WAFD,1984-02-16,1.5
WAFD,1985-06-24,1.5
WAFD,1987-03-20,1.5
WAFD,1990-03-12,1.5
WAFD,1992-03-02,1.5
WAFD,1997-02-05,1.1
WAFD,1998-02-10,1.1
WAFD,1999-02-10,1.1
WAFD,2001-02-07,1.1
WAFD,2002-02-06,1.1
WAFD,2003-02-05,1.1
WAFD,2004-02-04,1.1
WAFD,2005-02-02,1.1
WCCB,2017-10-30,1.1
WCCB,2021-10-25,1.1
WCCB,2022-03-17,2.0
WDFC,1978-10-03,2.0
WDFC,1983-05-02,3.0
WDFC,1997-08-01,2.0
WERN,1992-09-22,2.0
WERN,1996-08-12,1.5
WERN,1998-05-14,1.25
WERN,2002-03-15,1.3333333333333333
WERN,2003-10-01,1.25
WEYS,1990-07-03,2.0
WEYS,1997-10-02,3.0
WEYS,2003-10-02,1.5
WEYS,2005-04-04,2.0
WFG,2014-01-14,2.0
WGO,2004-03-08,2.0
WGS,2023-05-04,0.030303030303030304
WHR,1987-01-02,2.0
WKC,1995-06-28,1.5
WKC,1997-12-01,1.5
WKC,2005-02-16,2.0
WKC,2009-12-08,2.0
WLFC,2026-07-21,3.0
WLY,1982-09-14,2.5
WLY,1994-07-14,2.0
WLY,1995-10-19,2.0
WLY,1998-10-19,2.0
WLY,1999-06-01,2.0
WMK,1982-06-01,1.5
WMK,1983-02-28,1.5
WMK,1985-08-26,1.5
WMK,1987-05-26,1.5
WNC,1994-07-29,1.5
WNEB,2007-01-04,3.28138
WOR,1983-04-03,1.3333333333333333
WOR,1985-10-28,1.5
WOR,1986-11-03,1.5
WOR,1991-10-28,1.5
WOR,1993-10-25,1.5
WOR,2023-12-01,1.622
WRLD,1995-09-01,3.0
WSBC,1993-04-23,2.0
WSBC,1997-08-04,1.5
WSBF,2014-01-23,1.0972
WSFS,2015-05-19,3.0
WTBA,1999-05-04,1.5
WTBA,2004-07-22,1.05
WTS,1994-03-16,2.0
WWW,1981-07-28,1.5
WWW,1994-04-15,1.5
WWW,1995-05-16,1.5
WWW,1996-08-19,1.5
WWW,1997-05-27,1.5
WWW,2005-02-02,1.5
WWW,2013-11-04,2.0
XMAX,2019-12-23,0.2
XMAX,2023-05-24,0.2
XPRO,2021-10-04,0.16666666666666666
XRAY,1992-08-24,2.0
XRAY,1997-10-30,2.0
XRAY,2002-02-01,1.5
XRAY,2006-07-18,2.0
XRN,2025-09-22,0.2
XRX,1964-01-06,5.0
XRX,1969-06-18,3.0
XRX,1996-06-07,3.0
XRX,1999-02-24,2.0
XRX,2017-01-03,1.518
XRX,2017-06-15,0.25
YORW,2002-05-21,2.0
YORW,2006-09-12,1.5
ZD,2001-02-08,0.25
ZD,2003-09-02,2.0
ZD,2006-05-25,2.0
ZD,2021-10-08,1.15
ZVRA,2020-12-28,0.0625
